static const unsigned char MainFace_array[27000] = {
	0x00, 0x00, 0x00, 0x00, 0x00, 0x00, 0x00, 0x00, 0x00, 0x00, 0x00, 0x00,
	0x00, 0x00, 0x00, 0x00, 0x00, 0x00, 0x00, 0x00, 0x00, 0x00, 0x00, 0x00,
	0x00, 0x00, 0x00, 0x00, 0x00, 0x00, 0x00, 0x00, 0x00, 0x00, 0x00, 0x00,
	0x00, 0x00, 0x00, 0x00, 0x00, 0x00, 0x00, 0x00, 0x00, 0x00, 0x00, 0x00,
	0x00, 0x00, 0x00, 0x00, 0x00, 0x00, 0x00, 0x00, 0x00, 0x00, 0x00, 0x00,
	0x00, 0x00, 0x00, 0x00, 0x00, 0x00, 0x00, 0x00, 0x00, 0x00, 0x00, 0x00,
	0x00, 0x00, 0x00, 0x00, 0x00, 0x00, 0x00, 0x00, 0x00, 0x00, 0x00, 0x00,
	0x00, 0x00, 0x00, 0x00, 0x00, 0x00, 0x00, 0x00, 0x00, 0x00, 0x00, 0x00,
	0x00, 0x00, 0x00, 0x00, 0x00, 0x00, 0x00, 0x00, 0x01, 0xcd, 0xff, 0xff,
	0x01, 0xcb, 0xff, 0xff, 0x00, 0x00, 0x00, 0x00, 0x00, 0x00, 0x00, 0x00,
	0x00, 0x00, 0x00, 0x00, 0x00, 0x00, 0x00, 0x00, 0x00, 0x00, 0x00, 0x00,
	0x00, 0x00, 0x00, 0x00, 0x00, 0x00, 0x00, 0x00, 0x00, 0x00, 0x00, 0x00,
	0x00, 0x00, 0x00, 0x00, 0x00, 0x00, 0x00, 0x00, 0x00, 0x00, 0x00, 0x00,
	0x00, 0x00, 0x00, 0x00, 0x00, 0x00, 0x00, 0x00, 0x00, 0x00, 0x00, 0x00,
	0x00, 0x00, 0x00, 0x00, 0x00, 0x00, 0x00, 0x00, 0x00, 0x00, 0x00, 0x00,
	0x00, 0x00, 0x00, 0x00, 0x00, 0x00, 0x00, 0x00, 0x00, 0x00, 0x00, 0x00,
	0x00, 0x00, 0x00, 0x00, 0x00, 0x00, 0x00, 0x00, 0x00, 0x00, 0x00, 0x00,
	0x00, 0x00, 0x00, 0x00, 0x00, 0x00, 0x00, 0x00, 0x01, 0x67, 0xa0, 0xdf,
	0x03, 0x69, 0xa1, 0xdf, 0x0a, 0x64, 0x9b, 0xdd, 0x1a, 0x5f, 0x94, 0xda,
	0x44, 0x60, 0x94, 0xda, 0x68, 0x63, 0x97, 0xdb, 0x41, 0x65, 0x99, 0xdc,
	0x0c, 0x64, 0x97, 0xdb, 0x01, 0x61, 0x97, 0xdb, 0x00, 0x00, 0x00, 0x00,
	0x00, 0x00, 0x00, 0x00, 0x00, 0x00, 0x00, 0x00, 0x00, 0x00, 0x00, 0x00,
	0x00, 0x00, 0x00, 0x00, 0x00, 0x00, 0x00, 0x00, 0x00, 0x00, 0x00, 0x00,
	0x00, 0x00, 0x00, 0x00, 0x00, 0x00, 0x00, 0x00, 0x00, 0x00, 0x00, 0x00,
	0x00, 0x00, 0x00, 0x00, 0x00, 0x00, 0x00, 0x00, 0x00, 0x00, 0x00, 0x00,
	0x00, 0x00, 0x00, 0x00, 0x00, 0x00, 0x00, 0x00, 0x00, 0x00, 0x00, 0x00,
	0x00, 0x00, 0x00, 0x00, 0x00, 0x00, 0x00, 0x00, 0x00, 0x00, 0x00, 0x00,
	0x00, 0x00, 0x00, 0x00, 0x00, 0x00, 0x00, 0x00, 0x00, 0x00, 0x00, 0x00,
	0x00, 0x00, 0x00, 0x00, 0x00, 0x00, 0x00, 0x00, 0x00, 0x00, 0x00, 0x00,
	0x00, 0x00, 0x00, 0x00, 0x00, 0x00, 0x00, 0x00, 0x00, 0x00, 0x00, 0x00,
	0x00, 0x00, 0x00, 0x00, 0x00, 0x00, 0x00, 0x00, 0x00, 0x00, 0x00, 0x00,
	0x00, 0x00, 0x00, 0x00, 0x00, 0x00, 0x00, 0x00, 0x00, 0x00, 0x00, 0x00,
	0x00, 0x00, 0x00, 0x00, 0x00, 0x00, 0x00, 0x00, 0x00, 0x00, 0x00, 0x00,
	0x00, 0x00, 0x00, 0x00, 0x00, 0x00, 0x00, 0x00, 0x00, 0x00, 0x00, 0x00,
	0x00, 0x00, 0x00, 0x00, 0x00, 0x00, 0x00, 0x00, 0x00, 0x00, 0x00, 0x00,
	0x00, 0x00, 0x00, 0x00, 0x00, 0x00, 0x00, 0x00, 0x00, 0x00, 0x00, 0x00,
	0x00, 0x00, 0x00, 0x00, 0x00, 0x00, 0x00, 0x00, 0x00, 0x00, 0x00, 0x00,
	0x00, 0x00, 0x00, 0x00, 0x00, 0x00, 0x00, 0x00, 0x00, 0x00, 0x00, 0x00,
	0x00, 0x00, 0x00, 0x00, 0x00, 0x00, 0x00, 0x00, 0x00, 0x00, 0x00, 0x00,
	0x00, 0x00, 0x00, 0x00, 0x00, 0x00, 0x00, 0x00, 0x00, 0x00, 0x00, 0x00,
	0x00, 0x00, 0x00, 0x00, 0x00, 0x00, 0x00, 0x00, 0x00, 0x00, 0x00, 0x00,
	0x00, 0x00, 0x00, 0x00, 0x00, 0x00, 0x00, 0x00, 0x00, 0x00, 0x00, 0x00,
	0x00, 0x00, 0x00, 0x00, 0x00, 0x00, 0x00, 0x00, 0x00, 0x00, 0x00, 0x00,
	0x00, 0x00, 0x00, 0x00, 0x00, 0x00, 0x00, 0x00, 0x00, 0x00, 0x00, 0x00,
	0x00, 0x00, 0x00, 0x00, 0x00, 0x00, 0x00, 0x00, 0x00, 0x00, 0x00, 0x00,
	0x00, 0x00, 0x00, 0x00, 0x00, 0x00, 0x00, 0x00, 0x00, 0x00, 0x00, 0x00,
	0x00, 0x00, 0x00, 0x00, 0x00, 0x00, 0x00, 0x00, 0x00, 0x00, 0x00, 0x00,
	0x00, 0x00, 0x00, 0x00, 0x02, 0x69, 0x9e, 0xde, 0x04, 0x64, 0x9c, 0xdd,
	0x10, 0x66, 0x9e, 0xde, 0x2d, 0x65, 0x9d, 0xdd, 0x61, 0x5f, 0x96, 0xdb,
	0x99, 0x58, 0x8e, 0xd8, 0xa7, 0x59, 0x8f, 0xd8, 0x56, 0x5a, 0x8f, 0xd9,
	0x10, 0x5d, 0x91, 0xd9, 0x02, 0x5e, 0x93, 0xd9, 0x00, 0x00, 0x00, 0x00,
	0x00, 0x00, 0x00, 0x00, 0x00, 0x00, 0x00, 0x00, 0x00, 0x00, 0x00, 0x00,
	0x00, 0x00, 0x00, 0x00, 0x00, 0x00, 0x00, 0x00, 0x00, 0x00, 0x00, 0x00,
	0x00, 0x00, 0x00, 0x00, 0x00, 0x00, 0x00, 0x00, 0x00, 0x00, 0x00, 0x00,
	0x00, 0x00, 0x00, 0x00, 0x00, 0x00, 0x00, 0x00, 0x00, 0x00, 0x00, 0x00,
	0x00, 0x00, 0x00, 0x00, 0x00, 0x00, 0x00, 0x00, 0x00, 0x00, 0x00, 0x00,
	0x00, 0x00, 0x00, 0x00, 0x00, 0x00, 0x00, 0x00, 0x00, 0x00, 0x00, 0x00,
	0x00, 0x00, 0x00, 0x00, 0x00, 0x00, 0x00, 0x00, 0x00, 0x00, 0x00, 0x00,
	0x00, 0x00, 0x00, 0x00, 0x00, 0x00, 0x00, 0x00, 0x00, 0x00, 0x00, 0x00,
	0x00, 0x00, 0x00, 0x00, 0x00, 0x00, 0x00, 0x00, 0x00, 0x00, 0x00, 0x00,
	0x00, 0x00, 0x00, 0x00, 0x00, 0x00, 0x00, 0x00, 0x00, 0x00, 0x00, 0x00,
	0x00, 0x00, 0x00, 0x00, 0x00, 0x00, 0x00, 0x00, 0x00, 0x00, 0x00, 0x00,
	0x00, 0x00, 0x00, 0x00, 0x00, 0x00, 0x00, 0x00, 0x00, 0x00, 0x00, 0x00,
	0x00, 0x00, 0x00, 0x00, 0x00, 0x00, 0x00, 0x00, 0x00, 0x00, 0x00, 0x00,
	0x00, 0x00, 0x00, 0x00, 0x00, 0x00, 0x00, 0x00, 0x00, 0x00, 0x00, 0x00,
	0x00, 0x00, 0x00, 0x00, 0x00, 0x00, 0x00, 0x00, 0x00, 0x00, 0x00, 0x00,
	0x00, 0x00, 0x00, 0x00, 0x00, 0x00, 0x00, 0x00, 0x00, 0x00, 0x00, 0x00,
	0x00, 0x00, 0x00, 0x00, 0x00, 0x00, 0x00, 0x00, 0x00, 0x00, 0x00, 0x00,
	0x00, 0x00, 0x00, 0x00, 0x00, 0x00, 0x00, 0x00, 0x00, 0x00, 0x00, 0x00,
	0x00, 0x00, 0x00, 0x00, 0x00, 0x00, 0x00, 0x00, 0x00, 0x00, 0x00, 0x00,
	0x00, 0x00, 0x00, 0x00, 0x00, 0x00, 0x00, 0x00, 0x00, 0x00, 0x00, 0x00,
	0x00, 0x00, 0x00, 0x00, 0x00, 0x00, 0x00, 0x00, 0x00, 0x00, 0x00, 0x00,
	0x00, 0x00, 0x00, 0x00, 0x00, 0x00, 0x00, 0x00, 0x00, 0x00, 0x00, 0x00,
	0x00, 0x00, 0x00, 0x00, 0x00, 0x00, 0x00, 0x00, 0x00, 0x00, 0x00, 0x00,
	0x00, 0x00, 0x00, 0x00, 0x00, 0x00, 0x00, 0x00, 0x00, 0x00, 0x00, 0x00,
	0x00, 0x00, 0x00, 0x00, 0x00, 0x00, 0x00, 0x00, 0x00, 0x00, 0x00, 0x00,
	0x00, 0x00, 0x00, 0x00, 0x00, 0x00, 0x00, 0x00, 0x01, 0x67, 0x9d, 0xdc,
	0x02, 0x6c, 0xa2, 0xdd, 0x08, 0x6d, 0xa3, 0xde, 0x16, 0x61, 0x98, 0xdc,
	0x3e, 0x61, 0x98, 0xdc, 0x89, 0x5f, 0x96, 0xdb, 0xc0, 0x59, 0x90, 0xd8,
	0xdb, 0x56, 0x8b, 0xd7, 0xbe, 0x57, 0x8d, 0xd7, 0x5d, 0x59, 0x8d, 0xd7,
	0x12, 0x5b, 0x90, 0xd8, 0x02, 0x5d, 0x91, 0xd7, 0x00, 0x00, 0x00, 0x00,
	0x00, 0x00, 0x00, 0x00, 0x00, 0x00, 0x00, 0x00, 0x00, 0x00, 0x00, 0x00,
	0x00, 0x00, 0x00, 0x00, 0x00, 0x00, 0x00, 0x00, 0x00, 0x00, 0x00, 0x00,
	0x00, 0x00, 0x00, 0x00, 0x00, 0x00, 0x00, 0x00, 0x00, 0x00, 0x00, 0x00,
	0x00, 0x00, 0x00, 0x00, 0x00, 0x00, 0x00, 0x00, 0x00, 0x00, 0x00, 0x00,
	0x00, 0x00, 0x00, 0x00, 0x00, 0x00, 0x00, 0x00, 0x00, 0x00, 0x00, 0x00,
	0x00, 0x00, 0x00, 0x00, 0x00, 0x00, 0x00, 0x00, 0x00, 0x00, 0x00, 0x00,
	0x00, 0x00, 0x00, 0x00, 0x00, 0x00, 0x00, 0x00, 0x00, 0x00, 0x00, 0x00,
	0x00, 0x00, 0x00, 0x00, 0x00, 0x00, 0x00, 0x00, 0x00, 0x00, 0x00, 0x00,
	0x00, 0x00, 0x00, 0x00, 0x00, 0x00, 0x00, 0x00, 0x00, 0x00, 0x00, 0x00,
	0x00, 0x00, 0x00, 0x00, 0x01, 0x48, 0x89, 0xb5, 0x01, 0x42, 0x85, 0xb4,
	0x00, 0x00, 0x00, 0x00, 0x00, 0x00, 0x00, 0x00, 0x00, 0x00, 0x00, 0x00,
	0x00, 0x00, 0x00, 0x00, 0x00, 0x00, 0x00, 0x00, 0x00, 0x00, 0x00, 0x00,
	0x00, 0x00, 0x00, 0x00, 0x00, 0x00, 0x00, 0x00, 0x00, 0x00, 0x00, 0x00,
	0x00, 0x00, 0x00, 0x00, 0x00, 0x00, 0x00, 0x00, 0x00, 0x00, 0x00, 0x00,
	0x00, 0x00, 0x00, 0x00, 0x00, 0x00, 0x00, 0x00, 0x00, 0x00, 0x00, 0x00,
	0x00, 0x00, 0x00, 0x00, 0x00, 0x00, 0x00, 0x00, 0x00, 0x00, 0x00, 0x00,
	0x00, 0x00, 0x00, 0x00, 0x00, 0x00, 0x00, 0x00, 0x00, 0x00, 0x00, 0x00,
	0x00, 0x00, 0x00, 0x00, 0x00, 0x00, 0x00, 0x00, 0x00, 0x00, 0x00, 0x00,
	0x00, 0x00, 0x00, 0x00, 0x00, 0x00, 0x00, 0x00, 0x00, 0x00, 0x00, 0x00,
	0x00, 0x00, 0x00, 0x00, 0x00, 0x00, 0x00, 0x00, 0x00, 0x00, 0x00, 0x00,
	0x00, 0x00, 0x00, 0x00, 0x00, 0x00, 0x00, 0x00, 0x00, 0x00, 0x00, 0x00,
	0x00, 0x00, 0x00, 0x00, 0x00, 0x00, 0x00, 0x00, 0x00, 0x00, 0x00, 0x00,
	0x00, 0x00, 0x00, 0x00, 0x00, 0x00, 0x00, 0x00, 0x00, 0x00, 0x00, 0x00,
	0x00, 0x00, 0x00, 0x00, 0x00, 0x00, 0x00, 0x00, 0x00, 0x00, 0x00, 0x00,
	0x00, 0x00, 0x00, 0x00, 0x00, 0x00, 0x00, 0x00, 0x00, 0x00, 0x00, 0x00,
	0x00, 0x00, 0x00, 0x00, 0x01, 0x66, 0x9e, 0xd8, 0x03, 0x66, 0x9c, 0xda,
	0x0a, 0x68, 0x9e, 0xdb, 0x24, 0x69, 0x9e, 0xdc, 0x5e, 0x66, 0x9b, 0xdd,
	0x9e, 0x59, 0x91, 0xd9, 0xda, 0x58, 0x8f, 0xd8, 0xee, 0x55, 0x8b, 0xd6,
	0xed, 0x57, 0x8c, 0xd6, 0xbf, 0x5b, 0x90, 0xd7, 0x5d, 0x5e, 0x92, 0xd9,
	0x14, 0x60, 0x94, 0xda, 0x02, 0x63, 0x95, 0xd9, 0x00, 0x00, 0x00, 0x00,
	0x00, 0x00, 0x00, 0x00, 0x00, 0x00, 0x00, 0x00, 0x00, 0x00, 0x00, 0x00,
	0x00, 0x00, 0x00, 0x00, 0x00, 0x00, 0x00, 0x00, 0x00, 0x00, 0x00, 0x00,
	0x00, 0x00, 0x00, 0x00, 0x00, 0x00, 0x00, 0x00, 0x00, 0x00, 0x00, 0x00,
	0x00, 0x00, 0x00, 0x00, 0x00, 0x00, 0x00, 0x00, 0x00, 0x00, 0x00, 0x00,
	0x00, 0x00, 0x00, 0x00, 0x00, 0x00, 0x00, 0x00, 0x00, 0x00, 0x00, 0x00,
	0x00, 0x00, 0x00, 0x00, 0x00, 0x00, 0x00, 0x00, 0x00, 0x00, 0x00, 0x00,
	0x00, 0x00, 0x00, 0x00, 0x00, 0x00, 0x00, 0x00, 0x00, 0x00, 0x00, 0x00,
	0x00, 0x00, 0x00, 0x00, 0x00, 0x00, 0x00, 0x00, 0x00, 0x00, 0x00, 0x00,
	0x00, 0x00, 0x00, 0x00, 0x00, 0x00, 0x00, 0x00, 0x00, 0x00, 0x00, 0x00,
	0x01, 0x44, 0x88, 0xb6, 0x05, 0x41, 0x86, 0xb6, 0x07, 0x3d, 0x83, 0xb4,
	0x06, 0x35, 0x80, 0xb3, 0x04, 0x29, 0x7a, 0xb3, 0x02, 0x29, 0x7a, 0xb3,
	0x00, 0x00, 0x00, 0x00, 0x00, 0x00, 0x00, 0x00, 0x00, 0x00, 0x00, 0x00,
	0x00, 0x00, 0x00, 0x00, 0x00, 0x00, 0x00, 0x00, 0x00, 0x00, 0x00, 0x00,
	0x00, 0x00, 0x00, 0x00, 0x00, 0x00, 0x00, 0x00, 0x00, 0x00, 0x00, 0x00,
	0x00, 0x00, 0x00, 0x00, 0x00, 0x00, 0x00, 0x00, 0x00, 0x00, 0x00, 0x00,
	0x00, 0x00, 0x00, 0x00, 0x00, 0x00, 0x00, 0x00, 0x00, 0x00, 0x00, 0x00,
	0x00, 0x00, 0x00, 0x00, 0x00, 0x00, 0x00, 0x00, 0x00, 0x00, 0x00, 0x00,
	0x00, 0x00, 0x00, 0x00, 0x00, 0x00, 0x00, 0x00, 0x00, 0x00, 0x00, 0x00,
	0x00, 0x00, 0x00, 0x00, 0x00, 0x00, 0x00, 0x00, 0x00, 0x00, 0x00, 0x00,
	0x00, 0x00, 0x00, 0x00, 0x00, 0x00, 0x00, 0x00, 0x00, 0x00, 0x00, 0x00,
	0x00, 0x00, 0x00, 0x00, 0x00, 0x00, 0x00, 0x00, 0x00, 0x00, 0x00, 0x00,
	0x00, 0x00, 0x00, 0x00, 0x00, 0x00, 0x00, 0x00, 0x00, 0x00, 0x00, 0x00,
	0x00, 0x00, 0x00, 0x00, 0x00, 0x00, 0x00, 0x00, 0x00, 0x00, 0x00, 0x00,
	0x00, 0x00, 0x00, 0x00, 0x00, 0x00, 0x00, 0x00, 0x00, 0x00, 0x00, 0x00,
	0x00, 0x00, 0x00, 0x00, 0x00, 0x00, 0x00, 0x00, 0x00, 0x00, 0x00, 0x00,
	0x01, 0x67, 0x9d, 0xdb, 0x04, 0x6f, 0xa6, 0xdc, 0x0c, 0x60, 0x97, 0xd7,
	0x23, 0x60, 0x97, 0xd8, 0x74, 0x61, 0x97, 0xd8, 0xbc, 0x5b, 0x91, 0xd7,
	0xe6, 0x55, 0x8e, 0xd5, 0xf6, 0x55, 0x8d, 0xd5, 0xf9, 0x56, 0x8c, 0xd4,
	0xe7, 0x5a, 0x8e, 0xd6, 0xac, 0x61, 0x95, 0xda, 0x51, 0x66, 0x9a, 0xdd,
	0x13, 0x66, 0x9a, 0xdd, 0x02, 0x68, 0x9a, 0xdd, 0x00, 0x00, 0x00, 0x00,
	0x00, 0x00, 0x00, 0x00, 0x00, 0x00, 0x00, 0x00, 0x00, 0x00, 0x00, 0x00,
	0x00, 0x00, 0x00, 0x00, 0x00, 0x00, 0x00, 0x00, 0x00, 0x00, 0x00, 0x00,
	0x00, 0x00, 0x00, 0x00, 0x00, 0x00, 0x00, 0x00, 0x00, 0x00, 0x00, 0x00,
	0x00, 0x00, 0x00, 0x00, 0x00, 0x00, 0x00, 0x00, 0x00, 0x00, 0x00, 0x00,
	0x00, 0x00, 0x00, 0x00, 0x00, 0x00, 0x00, 0x00, 0x00, 0x00, 0x00, 0x00,
	0x00, 0x00, 0x00, 0x00, 0x00, 0x00, 0x00, 0x00, 0x00, 0x00, 0x00, 0x00,
	0x00, 0x00, 0x00, 0x00, 0x00, 0x00, 0x00, 0x00, 0x00, 0x00, 0x00, 0x00,
	0x00, 0x00, 0x00, 0x00, 0x00, 0x00, 0x00, 0x00, 0x00, 0x00, 0x00, 0x00,
	0x00, 0x00, 0x00, 0x00, 0x00, 0x00, 0x00, 0x00, 0x00, 0x00, 0x00, 0x00,
	0x04, 0x29, 0x79, 0xb3, 0x1b, 0x35, 0x7e, 0xb3, 0x35, 0x34, 0x7e, 0xb3,
	0x23, 0x24, 0x78, 0xb2, 0x17, 0x25, 0x7a, 0xb4, 0x0c, 0x25, 0x7a, 0xb5,
	0x05, 0x1f, 0x77, 0xb3, 0x01, 0x1d, 0x76, 0xb2, 0x00, 0x00, 0x00, 0x00,
	0x00, 0x00, 0x00, 0x00, 0x00, 0x00, 0x00, 0x00, 0x00, 0x00, 0x00, 0x00,
	0x00, 0x00, 0x00, 0x00, 0x00, 0x00, 0x00, 0x00, 0x00, 0x00, 0x00, 0x00,
	0x00, 0x00, 0x00, 0x00, 0x00, 0x00, 0x00, 0x00, 0x00, 0x00, 0x00, 0x00,
	0x00, 0x00, 0x00, 0x00, 0x00, 0x00, 0x00, 0x00, 0x00, 0x00, 0x00, 0x00,
	0x00, 0x00, 0x00, 0x00, 0x00, 0x00, 0x00, 0x00, 0x00, 0x00, 0x00, 0x00,
	0x00, 0x00, 0x00, 0x00, 0x00, 0x00, 0x00, 0x00, 0x00, 0x00, 0x00, 0x00,
	0x00, 0x00, 0x00, 0x00, 0x00, 0x00, 0x00, 0x00, 0x00, 0x00, 0x00, 0x00,
	0x00, 0x00, 0x00, 0x00, 0x00, 0x00, 0x00, 0x00, 0x00, 0x00, 0x00, 0x00,
	0x00, 0x00, 0x00, 0x00, 0x00, 0x00, 0x00, 0x00, 0x00, 0x00, 0x00, 0x00,
	0x00, 0x00, 0x00, 0x00, 0x00, 0x00, 0x00, 0x00, 0x00, 0x00, 0x00, 0x00,
	0x00, 0x00, 0x00, 0x00, 0x00, 0x00, 0x00, 0x00, 0x00, 0x00, 0x00, 0x00,
	0x00, 0x00, 0x00, 0x00, 0x00, 0x00, 0x00, 0x00, 0x00, 0x00, 0x00, 0x00,
	0x00, 0x00, 0x00, 0x00, 0x00, 0x00, 0x00, 0x00, 0x01, 0x5a, 0x93, 0xd5,
	0x04, 0x67, 0x9e, 0xda, 0x11, 0x61, 0x99, 0xd7, 0x38, 0x66, 0x9d, 0xd9,
	0x88, 0x57, 0x8e, 0xd3, 0xcc, 0x56, 0x8c, 0xd2, 0xec, 0x54, 0x8b, 0xd1,
	0xfa, 0x55, 0x8b, 0xd1, 0xfd, 0x55, 0x8b, 0xd1, 0xf8, 0x57, 0x8c, 0xd2,
	0xd8, 0x5c, 0x90, 0xd6, 0x8b, 0x63, 0x98, 0xdb, 0x36, 0x6a, 0x9e, 0xdf,
	0x0d, 0x6c, 0xa0, 0xe0, 0x02, 0x6c, 0x9f, 0xe0, 0x00, 0x00, 0x00, 0x00,
	0x00, 0x00, 0x00, 0x00, 0x00, 0x00, 0x00, 0x00, 0x00, 0x00, 0x00, 0x00,
	0x00, 0x00, 0x00, 0x00, 0x00, 0x00, 0x00, 0x00, 0x00, 0x00, 0x00, 0x00,
	0x00, 0x00, 0x00, 0x00, 0x00, 0x00, 0x00, 0x00, 0x00, 0x00, 0x00, 0x00,
	0x00, 0x00, 0x00, 0x00, 0x00, 0x00, 0x00, 0x00, 0x00, 0x00, 0x00, 0x00,
	0x00, 0x00, 0x00, 0x00, 0x00, 0x00, 0x00, 0x00, 0x00, 0x00, 0x00, 0x00,
	0x00, 0x00, 0x00, 0x00, 0x00, 0x00, 0x00, 0x00, 0x00, 0x00, 0x00, 0x00,
	0x00, 0x00, 0x00, 0x00, 0x00, 0x00, 0x00, 0x00, 0x00, 0x00, 0x00, 0x00,
	0x00, 0x00, 0x00, 0x00, 0x00, 0x00, 0x00, 0x00, 0x00, 0x00, 0x00, 0x00,
	0x00, 0x00, 0x00, 0x00, 0x00, 0x00, 0x00, 0x00, 0x00, 0x00, 0x00, 0x00,
	0x06, 0x1b, 0x77, 0xb8, 0x39, 0x18, 0x72, 0xb4, 0x91, 0x18, 0x72, 0xb2,
	0x8e, 0x1d, 0x77, 0xb4, 0x62, 0x21, 0x7a, 0xb6, 0x34, 0x1a, 0x76, 0xb4,
	0x1d, 0x1b, 0x76, 0xb4, 0x0e, 0x1b, 0x75, 0xb3, 0x06, 0x19, 0x73, 0xb1,
	0x03, 0x1b, 0x74, 0xb1, 0x01, 0x1c, 0x74, 0xb1, 0x00, 0x00, 0x00, 0x00,
	0x00, 0x00, 0x00, 0x00, 0x00, 0x00, 0x00, 0x00, 0x00, 0x00, 0x00, 0x00,
	0x00, 0x00, 0x00, 0x00, 0x00, 0x00, 0x00, 0x00, 0x00, 0x00, 0x00, 0x00,
	0x00, 0x00, 0x00, 0x00, 0x00, 0x00, 0x00, 0x00, 0x00, 0x00, 0x00, 0x00,
	0x00, 0x00, 0x00, 0x00, 0x00, 0x00, 0x00, 0x00, 0x00, 0x00, 0x00, 0x00,
	0x00, 0x00, 0x00, 0x00, 0x00, 0x00, 0x00, 0x00, 0x00, 0x00, 0x00, 0x00,
	0x00, 0x00, 0x00, 0x00, 0x00, 0x00, 0x00, 0x00, 0x00, 0x00, 0x00, 0x00,
	0x00, 0x00, 0x00, 0x00, 0x00, 0x00, 0x00, 0x00, 0x00, 0x00, 0x00, 0x00,
	0x00, 0x00, 0x00, 0x00, 0x00, 0x00, 0x00, 0x00, 0x00, 0x00, 0x00, 0x00,
	0x00, 0x00, 0x00, 0x00, 0x00, 0x00, 0x00, 0x00, 0x00, 0x00, 0x00, 0x00,
	0x00, 0x00, 0x00, 0x00, 0x00, 0x00, 0x00, 0x00, 0x00, 0x00, 0x00, 0x00,
	0x00, 0x00, 0x00, 0x00, 0x00, 0x00, 0x00, 0x00, 0x00, 0x00, 0x00, 0x00,
	0x00, 0x00, 0x00, 0x00, 0x01, 0x58, 0x91, 0xd4, 0x04, 0x56, 0x8f, 0xd2,
	0x13, 0x58, 0x90, 0xd3, 0x43, 0x61, 0x97, 0xd6, 0xa6, 0x55, 0x8d, 0xd2,
	0xde, 0x52, 0x89, 0xce, 0xf3, 0x52, 0x87, 0xcd, 0xfb, 0x52, 0x89, 0xcd,
	0xfe, 0x53, 0x88, 0xce, 0xfe, 0x54, 0x89, 0xcf, 0xf6, 0x58, 0x8d, 0xd3,
	0xcd, 0x5f, 0x95, 0xda, 0x73, 0x66, 0x9b, 0xe1, 0x23, 0x6b, 0xa0, 0xe4,
	0x07, 0x6f, 0xa3, 0xe4, 0x01, 0x70, 0xa2, 0xe3, 0x00, 0x00, 0x00, 0x00,
	0x00, 0x00, 0x00, 0x00, 0x00, 0x00, 0x00, 0x00, 0x00, 0x00, 0x00, 0x00,
	0x00, 0x00, 0x00, 0x00, 0x00, 0x00, 0x00, 0x00, 0x00, 0x00, 0x00, 0x00,
	0x00, 0x00, 0x00, 0x00, 0x00, 0x00, 0x00, 0x00, 0x00, 0x00, 0x00, 0x00,
	0x00, 0x00, 0x00, 0x00, 0x00, 0x00, 0x00, 0x00, 0x00, 0x00, 0x00, 0x00,
	0x00, 0x00, 0x00, 0x00, 0x00, 0x00, 0x00, 0x00, 0x00, 0x00, 0x00, 0x00,
	0x00, 0x00, 0x00, 0x00, 0x00, 0x00, 0x00, 0x00, 0x00, 0x00, 0x00, 0x00,
	0x00, 0x00, 0x00, 0x00, 0x00, 0x00, 0x00, 0x00, 0x00, 0x00, 0x00, 0x00,
	0x00, 0x00, 0x00, 0x00, 0x00, 0x00, 0x00, 0x00, 0x00, 0x00, 0x00, 0x00,
	0x00, 0x00, 0x00, 0x00, 0x00, 0x00, 0x00, 0x00, 0x00, 0x00, 0x00, 0x00,
	0x04, 0x0f, 0x7b, 0xc5, 0x45, 0x0b, 0x7b, 0xc8, 0xc8, 0x0c, 0x7a, 0xc5,
	0xdf, 0x10, 0x78, 0xbe, 0xc2, 0x11, 0x76, 0xb9, 0x96, 0x14, 0x75, 0xb6,
	0x62, 0x18, 0x75, 0xb4, 0x39, 0x17, 0x73, 0xb2, 0x1f, 0x18, 0x73, 0xb1,
	0x0f, 0x1a, 0x74, 0xb1, 0x07, 0x1c, 0x75, 0xb2, 0x03, 0x1b, 0x75, 0xb3,
	0x01, 0x18, 0x73, 0xb4, 0x00, 0x00, 0x00, 0x00, 0x00, 0x00, 0x00, 0x00,
	0x00, 0x00, 0x00, 0x00, 0x00, 0x00, 0x00, 0x00, 0x00, 0x00, 0x00, 0x00,
	0x00, 0x00, 0x00, 0x00, 0x00, 0x00, 0x00, 0x00, 0x00, 0x00, 0x00, 0x00,
	0x00, 0x00, 0x00, 0x00, 0x00, 0x00, 0x00, 0x00, 0x00, 0x00, 0x00, 0x00,
	0x00, 0x00, 0x00, 0x00, 0x00, 0x00, 0x00, 0x00, 0x00, 0x00, 0x00, 0x00,
	0x00, 0x00, 0x00, 0x00, 0x00, 0x00, 0x00, 0x00, 0x00, 0x00, 0x00, 0x00,
	0x00, 0x00, 0x00, 0x00, 0x00, 0x00, 0x00, 0x00, 0x00, 0x00, 0x00, 0x00,
	0x00, 0x00, 0x00, 0x00, 0x00, 0x00, 0x00, 0x00, 0x00, 0x00, 0x00, 0x00,
	0x00, 0x00, 0x00, 0x00, 0x00, 0x00, 0x00, 0x00, 0x00, 0x00, 0x00, 0x00,
	0x00, 0x00, 0x00, 0x00, 0x00, 0x00, 0x00, 0x00, 0x00, 0x00, 0x00, 0x00,
	0x00, 0x00, 0x00, 0x00, 0x00, 0x00, 0x00, 0x00, 0x00, 0x00, 0x00, 0x00,
	0x01, 0x50, 0x88, 0xd1, 0x04, 0x55, 0x8c, 0xd3, 0x14, 0x55, 0x8d, 0xd1,
	0x4c, 0x53, 0x8b, 0xd1, 0xad, 0x52, 0x89, 0xce, 0xe9, 0x52, 0x86, 0xcd,
	0xf9, 0x52, 0x84, 0xc8, 0xfd, 0x52, 0x84, 0xc8, 0xff, 0x52, 0x85, 0xc9,
	0xff, 0x50, 0x85, 0xcb, 0xfe, 0x51, 0x86, 0xcd, 0xf5, 0x59, 0x8f, 0xd6,
	0xc9, 0x65, 0x9c, 0xe3, 0x6a, 0x6c, 0xa3, 0xea, 0x1a, 0x6e, 0xa5, 0xec,
	0x04, 0x70, 0xa5, 0xea, 0x00, 0x00, 0x00, 0x00, 0x00, 0x00, 0x00, 0x00,
	0x00, 0x00, 0x00, 0x00, 0x01, 0x2b, 0x69, 0xaf, 0x04, 0x44, 0x82, 0xbd,
	0x06, 0x4e, 0x8f, 0xc4, 0x05, 0x47, 0x8a, 0xc2, 0x03, 0x3a, 0x80, 0xbd,
	0x01, 0x3e, 0x87, 0xc2, 0x00, 0x00, 0x00, 0x00, 0x00, 0x00, 0x00, 0x00,
	0x00, 0x00, 0x00, 0x00, 0x00, 0x00, 0x00, 0x00, 0x00, 0x00, 0x00, 0x00,
	0x00, 0x00, 0x00, 0x00, 0x00, 0x00, 0x00, 0x00, 0x00, 0x00, 0x00, 0x00,
	0x00, 0x00, 0x00, 0x00, 0x00, 0x00, 0x00, 0x00, 0x00, 0x00, 0x00, 0x00,
	0x00, 0x00, 0x00, 0x00, 0x00, 0x00, 0x00, 0x00, 0x00, 0x00, 0x00, 0x00,
	0x00, 0x00, 0x00, 0x00, 0x00, 0x00, 0x00, 0x00, 0x00, 0x00, 0x00, 0x00,
	0x00, 0x00, 0x00, 0x00, 0x00, 0x00, 0x00, 0x00, 0x00, 0x00, 0x00, 0x00,
	0x02, 0x08, 0x86, 0xd8, 0x45, 0x08, 0x89, 0xdd, 0xda, 0x09, 0x87, 0xd9,
	0xf8, 0x09, 0x82, 0xd0, 0xf3, 0x0a, 0x7d, 0xc5, 0xe0, 0x0d, 0x78, 0xbc,
	0xc0, 0x10, 0x75, 0xb6, 0x96, 0x12, 0x73, 0xb2, 0x61, 0x14, 0x73, 0xb1,
	0x38, 0x17, 0x74, 0xb2, 0x1c, 0x1b, 0x75, 0xb4, 0x0c, 0x19, 0x74, 0xb4,
	0x05, 0x18, 0x73, 0xb4, 0x02, 0x1a, 0x73, 0xb3, 0x00, 0x00, 0x00, 0x00,
	0x00, 0x00, 0x00, 0x00, 0x00, 0x00, 0x00, 0x00, 0x00, 0x00, 0x00, 0x00,
	0x00, 0x00, 0x00, 0x00, 0x00, 0x00, 0x00, 0x00, 0x00, 0x00, 0x00, 0x00,
	0x00, 0x00, 0x00, 0x00, 0x00, 0x00, 0x00, 0x00, 0x00, 0x00, 0x00, 0x00,
	0x00, 0x00, 0x00, 0x00, 0x00, 0x00, 0x00, 0x00, 0x00, 0x00, 0x00, 0x00,
	0x00, 0x00, 0x00, 0x00, 0x00, 0x00, 0x00, 0x00, 0x00, 0x00, 0x00, 0x00,
	0x00, 0x00, 0x00, 0x00, 0x00, 0x00, 0x00, 0x00, 0x00, 0x00, 0x00, 0x00,
	0x00, 0x00, 0x00, 0x00, 0x00, 0x00, 0x00, 0x00, 0x00, 0x00, 0x00, 0x00,
	0x00, 0x00, 0x00, 0x00, 0x00, 0x00, 0x00, 0x00, 0x00, 0x00, 0x00, 0x00,
	0x00, 0x00, 0x00, 0x00, 0x00, 0x00, 0x00, 0x00, 0x00, 0x00, 0x00, 0x00,
	0x00, 0x00, 0x00, 0x00, 0x00, 0x00, 0x00, 0x00, 0x01, 0x4c, 0x81, 0xcd,
	0x03, 0x4c, 0x82, 0xcf, 0x0f, 0x4e, 0x84, 0xcf, 0x42, 0x51, 0x88, 0xd0,
	0xab, 0x4e, 0x84, 0xcc, 0xe9, 0x50, 0x83, 0xc9, 0xfa, 0x50, 0x81, 0xc6,
	0xfe, 0x51, 0x80, 0xc5, 0xff, 0x50, 0x81, 0xc5, 0xff, 0x4f, 0x82, 0xc7,
	0xff, 0x4d, 0x81, 0xc9, 0xfe, 0x4e, 0x84, 0xcb, 0xf7, 0x5b, 0x92, 0xdb,
	0xcb, 0x6c, 0xa4, 0xec, 0x66, 0x72, 0xab, 0xf3, 0x14, 0x74, 0xad, 0xf4,
	0x02, 0x74, 0xac, 0xf2, 0x00, 0x00, 0x00, 0x00, 0x00, 0x00, 0x00, 0x00,
	0x01, 0x1a, 0x59, 0xa5, 0x06, 0x1b, 0x59, 0xa5, 0x18, 0x25, 0x64, 0xac,
	0x2c, 0x28, 0x6b, 0xb0, 0x29, 0x26, 0x6c, 0xb1, 0x17, 0x2a, 0x73, 0xb6,
	0x09, 0x2e, 0x7b, 0xbb, 0x04, 0x2a, 0x7b, 0xbe, 0x02, 0x36, 0x86, 0xc7,
	0x02, 0x45, 0x94, 0xd1, 0x00, 0x00, 0x00, 0x00, 0x00, 0x00, 0x00, 0x00,
	0x00, 0x00, 0x00, 0x00, 0x00, 0x00, 0x00, 0x00, 0x00, 0x00, 0x00, 0x00,
	0x00, 0x00, 0x00, 0x00, 0x00, 0x00, 0x00, 0x00, 0x00, 0x00, 0x00, 0x00,
	0x00, 0x00, 0x00, 0x00, 0x00, 0x00, 0x00, 0x00, 0x00, 0x00, 0x00, 0x00,
	0x00, 0x00, 0x00, 0x00, 0x00, 0x00, 0x00, 0x00, 0x00, 0x00, 0x00, 0x00,
	0x00, 0x00, 0x00, 0x00, 0x00, 0x00, 0x00, 0x00, 0x00, 0x00, 0x00, 0x00,
	0x01, 0x08, 0x94, 0xeb, 0x45, 0x08, 0x94, 0xeb, 0xe0, 0x08, 0x92, 0xe7,
	0xfe, 0x08, 0x8d, 0xdd, 0xfe, 0x08, 0x87, 0xd1, 0xf9, 0x09, 0x80, 0xc5,
	0xf0, 0x0a, 0x79, 0xbc, 0xde, 0x0c, 0x75, 0xb7, 0xbf, 0x0f, 0x74, 0xb4,
	0x8f, 0x15, 0x75, 0xb5, 0x4f, 0x15, 0x75, 0xb5, 0x24, 0x15, 0x74, 0xb5,
	0x11, 0x19, 0x74, 0xb4, 0x07, 0x1c, 0x75, 0xb2, 0x02, 0x1e, 0x75, 0xaf,
	0x00, 0x00, 0x00, 0x00, 0x00, 0x00, 0x00, 0x00, 0x00, 0x00, 0x00, 0x00,
	0x00, 0x00, 0x00, 0x00, 0x01, 0x92, 0xc7, 0xe7, 0x01, 0x91, 0xc4, 0xe4,
	0x00, 0x00, 0x00, 0x00, 0x00, 0x00, 0x00, 0x00, 0x00, 0x00, 0x00, 0x00,
	0x00, 0x00, 0x00, 0x00, 0x00, 0x00, 0x00, 0x00, 0x00, 0x00, 0x00, 0x00,
	0x00, 0x00, 0x00, 0x00, 0x00, 0x00, 0x00, 0x00, 0x00, 0x00, 0x00, 0x00,
	0x00, 0x00, 0x00, 0x00, 0x00, 0x00, 0x00, 0x00, 0x00, 0x00, 0x00, 0x00,
	0x00, 0x00, 0x00, 0x00, 0x00, 0x00, 0x00, 0x00, 0x00, 0x00, 0x00, 0x00,
	0x00, 0x00, 0x00, 0x00, 0x00, 0x00, 0x00, 0x00, 0x00, 0x00, 0x00, 0x00,
	0x00, 0x00, 0x00, 0x00, 0x00, 0x00, 0x00, 0x00, 0x00, 0x00, 0x00, 0x00,
	0x00, 0x00, 0x00, 0x00, 0x00, 0x00, 0x00, 0x00, 0x02, 0x4f, 0x81, 0xca,
	0x0c, 0x4c, 0x80, 0xcc, 0x34, 0x4b, 0x7f, 0xcc, 0x9e, 0x4a, 0x80, 0xcc,
	0xe5, 0x4b, 0x80, 0xc9, 0xfa, 0x4e, 0x7f, 0xc4, 0xfe, 0x4c, 0x7c, 0xc1,
	0xff, 0x4b, 0x7b, 0xc0, 0xff, 0x4b, 0x7d, 0xc3, 0xff, 0x4b, 0x7e, 0xc8,
	0xff, 0x47, 0x7c, 0xc7, 0xff, 0x4c, 0x82, 0xcb, 0xf8, 0x61, 0x9a, 0xe3,
	0xcf, 0x72, 0xae, 0xf4, 0x67, 0x79, 0xb5, 0xfa, 0x11, 0x7c, 0xb6, 0xf8,
	0x01, 0x7d, 0xb6, 0xf4, 0x00, 0x00, 0x00, 0x00, 0x00, 0x00, 0x00, 0x00,
	0x01, 0x14, 0x55, 0xa2, 0x0b, 0x12, 0x53, 0xa0, 0x3c, 0x0e, 0x4f, 0xa0,
	0x88, 0x0e, 0x53, 0xa2, 0x91, 0x16, 0x5e, 0xa8, 0x65, 0x1b, 0x67, 0xaf,
	0x40, 0x14, 0x68, 0xb0, 0x30, 0x22, 0x77, 0xbc, 0x22, 0x3d, 0x8e, 0xcf,
	0x0c, 0x3b, 0x92, 0xd4, 0x03, 0x35, 0x97, 0xd9, 0x01, 0x4f, 0xa8, 0xe3,
	0x00, 0x00, 0x00, 0x00, 0x00, 0x00, 0x00, 0x00, 0x00, 0x00, 0x00, 0x00,
	0x00, 0x00, 0x00, 0x00, 0x00, 0x00, 0x00, 0x00, 0x01, 0xa3, 0xdf, 0xfd,
	0x00, 0x00, 0x00, 0x00, 0x00, 0x00, 0x00, 0x00, 0x00, 0x00, 0x00, 0x00,
	0x00, 0x00, 0x00, 0x00, 0x00, 0x00, 0x00, 0x00, 0x00, 0x00, 0x00, 0x00,
	0x00, 0x00, 0x00, 0x00, 0x00, 0x00, 0x00, 0x00, 0x00, 0x00, 0x00, 0x00,
	0x01, 0x08, 0x9c, 0xf5, 0x45, 0x08, 0x9b, 0xf5, 0xe1, 0x08, 0x99, 0xf0,
	0xff, 0x08, 0x95, 0xe6, 0xff, 0x08, 0x8e, 0xd9, 0xfe, 0x08, 0x85, 0xcd,
	0xfd, 0x08, 0x7e, 0xc3, 0xf9, 0x09, 0x7a, 0xbe, 0xf0, 0x0a, 0x78, 0xba,
	0xd7, 0x0e, 0x76, 0xb8, 0xa4, 0x10, 0x75, 0xb6, 0x68, 0x13, 0x73, 0xb5,
	0x3d, 0x19, 0x74, 0xb3, 0x1c, 0x1b, 0x74, 0xb1, 0x0b, 0x1f, 0x73, 0xad,
	0x04, 0x24, 0x74, 0xaa, 0x01, 0x23, 0x73, 0xab, 0x00, 0x00, 0x00, 0x00,
	0x00, 0x00, 0x00, 0x00, 0x01, 0x8c, 0xbc, 0xdc, 0x00, 0x00, 0x00, 0x00,
	0x00, 0x00, 0x00, 0x00, 0x00, 0x00, 0x00, 0x00, 0x00, 0x00, 0x00, 0x00,
	0x00, 0x00, 0x00, 0x00, 0x00, 0x00, 0x00, 0x00, 0x00, 0x00, 0x00, 0x00,
	0x00, 0x00, 0x00, 0x00, 0x00, 0x00, 0x00, 0x00, 0x00, 0x00, 0x00, 0x00,
	0x00, 0x00, 0x00, 0x00, 0x00, 0x00, 0x00, 0x00, 0x00, 0x00, 0x00, 0x00,
	0x00, 0x00, 0x00, 0x00, 0x00, 0x00, 0x00, 0x00, 0x00, 0x00, 0x00, 0x00,
	0x00, 0x00, 0x00, 0x00, 0x00, 0x00, 0x00, 0x00, 0x00, 0x00, 0x00, 0x00,
	0x00, 0x00, 0x00, 0x00, 0x00, 0x00, 0x00, 0x00, 0x00, 0x00, 0x00, 0x00,
	0x00, 0x00, 0x00, 0x00, 0x01, 0x4d, 0x7d, 0xc2, 0x07, 0x4e, 0x7f, 0xc5,
	0x21, 0x4e, 0x80, 0xc8, 0x88, 0x4b, 0x7e, 0xc9, 0xdb, 0x49, 0x7c, 0xc6,
	0xf8, 0x48, 0x79, 0xc3, 0xfe, 0x47, 0x76, 0xbd, 0xff, 0x44, 0x73, 0xb9,
	0xff, 0x43, 0x71, 0xba, 0xff, 0x45, 0x77, 0xbf, 0xff, 0x45, 0x79, 0xc5,
	0xff, 0x42, 0x78, 0xc3, 0xff, 0x4f, 0x88, 0xd2, 0xfa, 0x6a, 0xa5, 0xef,
	0xd5, 0x79, 0xb6, 0xf9, 0x6e, 0x7f, 0xbb, 0xfa, 0x14, 0x81, 0xbb, 0xf3,
	0x02, 0x83, 0xba, 0xe9, 0x00, 0x00, 0x00, 0x00, 0x00, 0x00, 0x00, 0x00,
	0x02, 0x1d, 0x60, 0xa5, 0x0f, 0x10, 0x55, 0xa0, 0x51, 0x0a, 0x4f, 0x9d,
	0xb4, 0x08, 0x50, 0x9d, 0xde, 0x09, 0x54, 0xa0, 0xd6, 0x0a, 0x5a, 0xa6,
	0xc9, 0x0b, 0x62, 0xae, 0xb3, 0x1a, 0x75, 0xbd, 0x92, 0x2c, 0x89, 0xcf,
	0x48, 0x29, 0x8f, 0xd6, 0x16, 0x38, 0x9d, 0xde, 0x05, 0x36, 0xa4, 0xe5,
	0x01, 0x2e, 0xa6, 0xe7, 0x00, 0x00, 0x00, 0x00, 0x00, 0x00, 0x00, 0x00,
	0x00, 0x00, 0x00, 0x00, 0x01, 0x9f, 0xd8, 0xfa, 0x02, 0xa3, 0xdf, 0xfd,
	0x01, 0xa5, 0xe3, 0xff, 0x00, 0x00, 0x00, 0x00, 0x00, 0x00, 0x00, 0x00,
	0x00, 0x00, 0x00, 0x00, 0x00, 0x00, 0x00, 0x00, 0x00, 0x00, 0x00, 0x00,
	0x00, 0x00, 0x00, 0x00, 0x00, 0x00, 0x00, 0x00, 0x00, 0x00, 0x00, 0x00,
	0x01, 0x08, 0xa0, 0xfc, 0x45, 0x08, 0xa0, 0xfb, 0xe1, 0x08, 0x9e, 0xf7,
	0xff, 0x08, 0x99, 0xeb, 0xff, 0x08, 0x92, 0xde, 0xff, 0x08, 0x88, 0xd0,
	0xff, 0x08, 0x81, 0xc7, 0xff, 0x08, 0x7e, 0xc3, 0xfd, 0x08, 0x7c, 0xc0,
	0xf5, 0x09, 0x7a, 0xbc, 0xe4, 0x0b, 0x77, 0xb9, 0xc9, 0x0f, 0x74, 0xb7,
	0x96, 0x13, 0x73, 0xb5, 0x5d, 0x18, 0x73, 0xb0, 0x31, 0x1f, 0x74, 0xad,
	0x12, 0x1e, 0x72, 0xac, 0x05, 0x1e, 0x70, 0xa9, 0x02, 0x1b, 0x6d, 0xa5,
	0x00, 0x00, 0x00, 0x00, 0x00, 0x00, 0x00, 0x00, 0x00, 0x00, 0x00, 0x00,
	0x00, 0x00, 0x00, 0x00, 0x00, 0x00, 0x00, 0x00, 0x00, 0x00, 0x00, 0x00,
	0x00, 0x00, 0x00, 0x00, 0x00, 0x00, 0x00, 0x00, 0x00, 0x00, 0x00, 0x00,
	0x00, 0x00, 0x00, 0x00, 0x00, 0x00, 0x00, 0x00, 0x00, 0x00, 0x00, 0x00,
	0x00, 0x00, 0x00, 0x00, 0x00, 0x00, 0x00, 0x00, 0x00, 0x00, 0x00, 0x00,
	0x00, 0x00, 0x00, 0x00, 0x00, 0x00, 0x00, 0x00, 0x00, 0x00, 0x00, 0x00,
	0x00, 0x00, 0x00, 0x00, 0x00, 0x00, 0x00, 0x00, 0x00, 0x00, 0x00, 0x00,
	0x00, 0x00, 0x00, 0x00, 0x00, 0x00, 0x00, 0x00, 0x00, 0x00, 0x00, 0x00,
	0x01, 0x45, 0x78, 0xbc, 0x04, 0x48, 0x79, 0xbe, 0x15, 0x4b, 0x7c, 0xc0,
	0x57, 0x4c, 0x7d, 0xc3, 0xbe, 0x49, 0x7b, 0xc4, 0xf2, 0x46, 0x77, 0xc1,
	0xfd, 0x41, 0x72, 0xbb, 0xff, 0x3d, 0x6c, 0xb1, 0xff, 0x3a, 0x66, 0xac,
	0xff, 0x39, 0x68, 0xad, 0xff, 0x3c, 0x6d, 0xb3, 0xff, 0x3c, 0x70, 0xb7,
	0xff, 0x41, 0x77, 0xc0, 0xff, 0x5b, 0x96, 0xe0, 0xfb, 0x77, 0xb4, 0xf7,
	0xd8, 0x80, 0xbe, 0xf8, 0x75, 0x82, 0xbf, 0xf3, 0x1a, 0x80, 0xb9, 0xe5,
	0x04, 0x64, 0xa9, 0xd2, 0x03, 0x43, 0x9b, 0xc2, 0x03, 0x45, 0x97, 0xbe,
	0x05, 0x3b, 0x85, 0xb4, 0x16, 0x22, 0x69, 0xa9, 0x61, 0x11, 0x5a, 0xa3,
	0xc6, 0x08, 0x54, 0x9f, 0xf4, 0x05, 0x54, 0xa1, 0xfa, 0x07, 0x5a, 0xa9,
	0xf9, 0x07, 0x64, 0xb4, 0xf3, 0x09, 0x72, 0xc2, 0xe8, 0x0f, 0x80, 0xd1,
	0xc1, 0x1a, 0x90, 0xdc, 0x5d, 0x25, 0x9e, 0xe4, 0x15, 0x23, 0xa4, 0xea,
	0x06, 0x24, 0xac, 0xeb, 0x02, 0x30, 0xae, 0xe4, 0x01, 0x29, 0xb4, 0xe9,
	0x00, 0x00, 0x00, 0x00, 0x00, 0x00, 0x00, 0x00, 0x00, 0x00, 0x00, 0x00,
	0x00, 0x00, 0x00, 0x00, 0x00, 0x00, 0x00, 0x00, 0x00, 0x00, 0x00, 0x00,
	0x00, 0x00, 0x00, 0x00, 0x00, 0x00, 0x00, 0x00, 0x00, 0x00, 0x00, 0x00,
	0x00, 0x00, 0x00, 0x00, 0x00, 0x00, 0x00, 0x00, 0x00, 0x00, 0x00, 0x00,
	0x01, 0x08, 0xa1, 0xfc, 0x45, 0x08, 0xa1, 0xfc, 0xe1, 0x08, 0x9e, 0xf8,
	0xff, 0x08, 0x98, 0xed, 0xff, 0x08, 0x90, 0xde, 0xff, 0x08, 0x87, 0xd1,
	0xff, 0x08, 0x81, 0xca, 0xff, 0x08, 0x80, 0xc7, 0xff, 0x08, 0x7e, 0xc4,
	0xfe, 0x08, 0x7d, 0xc1, 0xfa, 0x09, 0x7a, 0xbf, 0xf3, 0x0a, 0x77, 0xbc,
	0xdf, 0x0c, 0x74, 0xb9, 0xbf, 0x12, 0x73, 0xb5, 0x86, 0x17, 0x73, 0xb1,
	0x43, 0x19, 0x71, 0xad, 0x1b, 0x19, 0x6e, 0xa9, 0x0b, 0x16, 0x6b, 0xa5,
	0x04, 0x15, 0x69, 0xa3, 0x00, 0x00, 0x00, 0x00, 0x00, 0x00, 0x00, 0x00,
	0x00, 0x00, 0x00, 0x00, 0x00, 0x00, 0x00, 0x00, 0x00, 0x00, 0x00, 0x00,
	0x00, 0x00, 0x00, 0x00, 0x00, 0x00, 0x00, 0x00, 0x00, 0x00, 0x00, 0x00,
	0x00, 0x00, 0x00, 0x00, 0x00, 0x00, 0x00, 0x00, 0x00, 0x00, 0x00, 0x00,
	0x00, 0x00, 0x00, 0x00, 0x00, 0x00, 0x00, 0x00, 0x00, 0x00, 0x00, 0x00,
	0x01, 0x35, 0x7d, 0xa0, 0x02, 0x2e, 0x7e, 0xa5, 0x02, 0x20, 0x7e, 0xab,
	0x03, 0x1a, 0x7f, 0xaf, 0x03, 0x18, 0x82, 0xb2, 0x02, 0x18, 0x85, 0xb4,
	0x02, 0x16, 0x89, 0xb8, 0x02, 0x17, 0x8c, 0xbc, 0x02, 0x1a, 0x8c, 0xbf,
	0x04, 0x32, 0x7f, 0xbc, 0x10, 0x42, 0x78, 0xbc, 0x41, 0x47, 0x78, 0xbd,
	0xa4, 0x49, 0x7a, 0xbf, 0xe6, 0x48, 0x79, 0xbe, 0xfb, 0x43, 0x73, 0xba,
	0xff, 0x3d, 0x6b, 0xb2, 0xff, 0x3a, 0x67, 0xac, 0xff, 0x3b, 0x69, 0xaf,
	0xff, 0x3c, 0x6e, 0xb6, 0xff, 0x3b, 0x6c, 0xb2, 0xff, 0x37, 0x6a, 0xb1,
	0xff, 0x49, 0x82, 0xcd, 0xff, 0x6a, 0xa8, 0xef, 0xfb, 0x7e, 0xbf, 0xf9,
	0xdc, 0x81, 0xc1, 0xf1, 0x81, 0x79, 0xb8, 0xe2, 0x2d, 0x5d, 0xa6, 0xcf,
	0x19, 0x3a, 0x98, 0xc4, 0x18, 0x36, 0x98, 0xc4, 0x18, 0x38, 0x97, 0xc1,
	0x1c, 0x3b, 0x93, 0xbd, 0x2c, 0x33, 0x83, 0xb5, 0x80, 0x1f, 0x6c, 0xac,
	0xdb, 0x0e, 0x5c, 0xa4, 0xf9, 0x07, 0x58, 0xa6, 0xfe, 0x06, 0x60, 0xb2,
	0xff, 0x03, 0x6b, 0xc0, 0xfe, 0x02, 0x77, 0xcd, 0xfd, 0x06, 0x85, 0xdb,
	0xf3, 0x0c, 0x95, 0xe8, 0xc6, 0x12, 0xa1, 0xee, 0x62, 0x1b, 0xab, 0xf1,
	0x2c, 0x29, 0xaf, 0xe9, 0x0d, 0x22, 0xb9, 0xee, 0x04, 0x1f, 0xbc, 0xef,
	0x01, 0x1e, 0xbd, 0xef, 0x00, 0x00, 0x00, 0x00, 0x00, 0x00, 0x00, 0x00,
	0x00, 0x00, 0x00, 0x00, 0x00, 0x00, 0x00, 0x00, 0x00, 0x00, 0x00, 0x00,
	0x00, 0x00, 0x00, 0x00, 0x00, 0x00, 0x00, 0x00, 0x00, 0x00, 0x00, 0x00,
	0x00, 0x00, 0x00, 0x00, 0x00, 0x00, 0x00, 0x00, 0x00, 0x00, 0x00, 0x00,
	0x01, 0x08, 0x9e, 0xf4, 0x45, 0x08, 0x9e, 0xf3, 0xe1, 0x08, 0x9b, 0xf0,
	0xff, 0x08, 0x94, 0xe8, 0xff, 0x08, 0x8b, 0xdc, 0xff, 0x08, 0x83, 0xd2,
	0xff, 0x08, 0x80, 0xcd, 0xff, 0x08, 0x81, 0xcb, 0xff, 0x08, 0x81, 0xc9,
	0xff, 0x08, 0x7f, 0xc6, 0xff, 0x08, 0x7d, 0xc3, 0xfe, 0x08, 0x7a, 0xc1,
	0xf9, 0x09, 0x77, 0xc0, 0xf0, 0x0b, 0x74, 0xbc, 0xdb, 0x0f, 0x72, 0xb7,
	0xa3, 0x10, 0x6f, 0xb1, 0x68, 0x11, 0x6c, 0xab, 0x32, 0x14, 0x6a, 0xa7,
	0x13, 0x16, 0x6a, 0xa7, 0x06, 0x1c, 0x6a, 0xa3, 0x01, 0x21, 0x6b, 0xa0,
	0x00, 0x00, 0x00, 0x00, 0x00, 0x00, 0x00, 0x00, 0x00, 0x00, 0x00, 0x00,
	0x00, 0x00, 0x00, 0x00, 0x00, 0x00, 0x00, 0x00, 0x00, 0x00, 0x00, 0x00,
	0x00, 0x00, 0x00, 0x00, 0x00, 0x00, 0x00, 0x00, 0x00, 0x00, 0x00, 0x00,
	0x01, 0x31, 0x7b, 0xa4, 0x01, 0x2d, 0x7b, 0xa4, 0x05, 0x32, 0x7c, 0xa0,
	0x0c, 0x32, 0x7d, 0xa1, 0x13, 0x29, 0x7d, 0xa7, 0x16, 0x1d, 0x7d, 0xac,
	0x18, 0x17, 0x7f, 0xaf, 0x18, 0x16, 0x82, 0xb2, 0x18, 0x16, 0x85, 0xb5,
	0x17, 0x15, 0x88, 0xb9, 0x17, 0x16, 0x8b, 0xbd, 0x17, 0x17, 0x8d, 0xbf,
	0x1a, 0x20, 0x89, 0xbf, 0x3d, 0x37, 0x7c, 0xbc, 0x92, 0x40, 0x79, 0xbd,
	0xdb, 0x45, 0x79, 0xbc, 0xf7, 0x46, 0x78, 0xba, 0xfe, 0x40, 0x71, 0xb6,
	0xff, 0x3d, 0x6c, 0xb5, 0xff, 0x40, 0x6f, 0xbb, 0xff, 0x44, 0x79, 0xc6,
	0xff, 0x45, 0x7b, 0xca, 0xff, 0x3c, 0x6f, 0xb5, 0xff, 0x3b, 0x72, 0xba,
	0xff, 0x59, 0x98, 0xe2, 0xff, 0x71, 0xb4, 0xf6, 0xfc, 0x78, 0xc0, 0xf3,
	0xea, 0x6c, 0xb6, 0xe2, 0xb6, 0x4e, 0xa2, 0xcc, 0x85, 0x2c, 0x96, 0xc5,
	0x79, 0x23, 0x94, 0xc5, 0x77, 0x24, 0x95, 0xc6, 0x78, 0x27, 0x95, 0xc5,
	0x7b, 0x2d, 0x93, 0xbf, 0x84, 0x30, 0x8f, 0xbc, 0xb9, 0x24, 0x7d, 0xb4,
	0xee, 0x11, 0x64, 0xaa, 0xfd, 0x07, 0x5c, 0xad, 0xff, 0x04, 0x66, 0xbc,
	0xff, 0x02, 0x74, 0xcc, 0xff, 0x01, 0x80, 0xd9, 0xff, 0x02, 0x8d, 0xe6,
	0xfe, 0x06, 0x9d, 0xf2, 0xf5, 0x0d, 0xaa, 0xf9, 0xd3, 0x15, 0xb4, 0xf8,
	0x91, 0x1d, 0xbc, 0xf3, 0x49, 0x1f, 0xbf, 0xf1, 0x13, 0x1a, 0xc4, 0xf3,
	0x06, 0x1b, 0xc4, 0xee, 0x02, 0x22, 0xbe, 0xe5, 0x00, 0x00, 0x00, 0x00,
	0x00, 0x00, 0x00, 0x00, 0x00, 0x00, 0x00, 0x00, 0x00, 0x00, 0x00, 0x00,
	0x00, 0x00, 0x00, 0x00, 0x00, 0x00, 0x00, 0x00, 0x00, 0x00, 0x00, 0x00,
	0x00, 0x00, 0x00, 0x00, 0x00, 0x00, 0x00, 0x00, 0x00, 0x00, 0x00, 0x00,
	0x01, 0x08, 0x97, 0xe9, 0x45, 0x08, 0x97, 0xe9, 0xe1, 0x08, 0x95, 0xe5,
	0xff, 0x08, 0x8f, 0xdd, 0xff, 0x08, 0x87, 0xd4, 0xff, 0x08, 0x80, 0xce,
	0xff, 0x08, 0x7e, 0xcd, 0xff, 0x08, 0x80, 0xce, 0xff, 0x08, 0x81, 0xcd,
	0xff, 0x08, 0x81, 0xcb, 0xff, 0x08, 0x7f, 0xc8, 0xff, 0x08, 0x7d, 0xc6,
	0xfe, 0x08, 0x79, 0xc4, 0xfe, 0x09, 0x76, 0xc1, 0xf8, 0x09, 0x73, 0xbc,
	0xeb, 0x09, 0x70, 0xb7, 0xce, 0x0c, 0x6d, 0xb1, 0x93, 0x0f, 0x6c, 0xac,
	0x52, 0x19, 0x6c, 0xa6, 0x1a, 0x1d, 0x6d, 0xa6, 0x04, 0x1d, 0x71, 0xaf,
	0x00, 0x00, 0x00, 0x00, 0x00, 0x00, 0x00, 0x00, 0x00, 0x00, 0x00, 0x00,
	0x00, 0x00, 0x00, 0x00, 0x00, 0x00, 0x00, 0x00, 0x00, 0x00, 0x00, 0x00,
	0x00, 0x00, 0x00, 0x00, 0x00, 0x00, 0x00, 0x00, 0x02, 0x31, 0x7a, 0xa4,
	0x06, 0x2e, 0x7b, 0xa6, 0x0b, 0x26, 0x7c, 0xa8, 0x1b, 0x26, 0x7c, 0xa7,
	0x3c, 0x29, 0x7c, 0xa5, 0x67, 0x22, 0x7c, 0xa8, 0x7b, 0x16, 0x7c, 0xae,
	0x7f, 0x14, 0x7f, 0xb2, 0x7f, 0x15, 0x83, 0xb3, 0x7e, 0x15, 0x85, 0xb5,
	0x7e, 0x14, 0x88, 0xb8, 0x7f, 0x13, 0x8b, 0xbd, 0x80, 0x14, 0x8e, 0xc0,
	0x84, 0x18, 0x8d, 0xc0, 0xa6, 0x23, 0x86, 0xbf, 0xda, 0x2f, 0x81, 0xbf,
	0xf6, 0x36, 0x7e, 0xbe, 0xfd, 0x3b, 0x7b, 0xbb, 0xff, 0x3b, 0x75, 0xb9,
	0xff, 0x3c, 0x75, 0xbf, 0xff, 0x3b, 0x7a, 0xc6, 0xff, 0x3c, 0x7f, 0xce,
	0xff, 0x35, 0x7a, 0xc9, 0xff, 0x26, 0x6b, 0xaf, 0xff, 0x2e, 0x75, 0xbb,
	0xff, 0x41, 0x8b, 0xd5, 0xff, 0x48, 0x96, 0xd6, 0xfe, 0x46, 0x9b, 0xd4,
	0xfb, 0x39, 0x9a, 0xcc, 0xf2, 0x23, 0x90, 0xc4, 0xeb, 0x16, 0x8d, 0xc3,
	0xe6, 0x14, 0x8d, 0xc2, 0xe5, 0x15, 0x8e, 0xc3, 0xe5, 0x17, 0x8e, 0xc3,
	0xe5, 0x1b, 0x8f, 0xc1, 0xea, 0x1d, 0x8e, 0xc0, 0xf3, 0x18, 0x85, 0xbd,
	0xfc, 0x0c, 0x6e, 0xb1, 0xff, 0x04, 0x5e, 0xaf, 0xff, 0x01, 0x68, 0xbf,
	0xff, 0x03, 0x79, 0xd5, 0xff, 0x04, 0x88, 0xe7, 0xff, 0x03, 0x95, 0xf1,
	0xff, 0x03, 0xa3, 0xf7, 0xfe, 0x09, 0xaf, 0xfd, 0xf8, 0x0d, 0xbd, 0xfe,
	0xea, 0x12, 0xc7, 0xfc, 0xb3, 0x16, 0xca, 0xf8, 0x56, 0x17, 0xc9, 0xf4,
	0x1e, 0x1f, 0xc3, 0xea, 0x09, 0x1e, 0xc4, 0xea, 0x02, 0x20, 0xc2, 0xe4,
	0x01, 0x1c, 0xca, 0xe8, 0x00, 0x00, 0x00, 0x00, 0x00, 0x00, 0x00, 0x00,
	0x00, 0x00, 0x00, 0x00, 0x00, 0x00, 0x00, 0x00, 0x00, 0x00, 0x00, 0x00,
	0x00, 0x00, 0x00, 0x00, 0x00, 0x00, 0x00, 0x00, 0x00, 0x00, 0x00, 0x00,
	0x01, 0x08, 0x8c, 0xe1, 0x45, 0x08, 0x8c, 0xe0, 0xe1, 0x08, 0x8a, 0xdd,
	0xff, 0x08, 0x86, 0xd4, 0xff, 0x08, 0x80, 0xcb, 0xff, 0x08, 0x7d, 0xc6,
	0xff, 0x08, 0x7d, 0xc9, 0xff, 0x08, 0x7e, 0xcd, 0xff, 0x08, 0x7f, 0xce,
	0xff, 0x08, 0x80, 0xcd, 0xff, 0x08, 0x80, 0xcc, 0xff, 0x08, 0x7e, 0xcb,
	0xff, 0x08, 0x7b, 0xc8, 0xff, 0x08, 0x77, 0xc3, 0xfe, 0x08, 0x74, 0xbf,
	0xfd, 0x08, 0x71, 0xbc, 0xf6, 0x08, 0x70, 0xba, 0xe6, 0x0a, 0x6f, 0xb7,
	0xad, 0x11, 0x6f, 0xb3, 0x45, 0x17, 0x72, 0xb6, 0x12, 0x18, 0x77, 0xbc,
	0x04, 0x19, 0x7b, 0xc1, 0x01, 0x13, 0x77, 0xc1, 0x00, 0x00, 0x00, 0x00,
	0x00, 0x00, 0x00, 0x00, 0x00, 0x00, 0x00, 0x00, 0x00, 0x00, 0x00, 0x00,
	0x00, 0x00, 0x00, 0x00, 0x03, 0x30, 0x74, 0x9e, 0x0a, 0x2c, 0x77, 0xa3,
	0x17, 0x25, 0x7a, 0xa9, 0x32, 0x21, 0x7c, 0xab, 0x5f, 0x1d, 0x7d, 0xac,
	0x9b, 0x18, 0x7c, 0xaf, 0xcd, 0x12, 0x7c, 0xb1, 0xe4, 0x0d, 0x7e, 0xb6,
	0xe7, 0x0d, 0x82, 0xba, 0xe7, 0x0e, 0x86, 0xba, 0xe8, 0x0e, 0x87, 0xbb,
	0xe9, 0x0d, 0x88, 0xbc, 0xe9, 0x0c, 0x8b, 0xbf, 0xe9, 0x0d, 0x8d, 0xc1,
	0xec, 0x0e, 0x8c, 0xc2, 0xf2, 0x12, 0x8b, 0xc3, 0xf9, 0x17, 0x89, 0xc2,
	0xfd, 0x1b, 0x87, 0xc1, 0xff, 0x1f, 0x82, 0xbe, 0xff, 0x21, 0x7e, 0xbc,
	0xff, 0x22, 0x7c, 0xc0, 0xff, 0x1d, 0x7c, 0xc0, 0xff, 0x1b, 0x7a, 0xc0,
	0xff, 0x14, 0x74, 0xb9, 0xff, 0x0f, 0x6a, 0xae, 0xff, 0x11, 0x69, 0xb0,
	0xff, 0x13, 0x68, 0xb1, 0xff, 0x14, 0x6a, 0xaf, 0xff, 0x13, 0x72, 0xb4,
	0xff, 0x10, 0x7d, 0xbb, 0xfe, 0x0c, 0x7e, 0xbc, 0xfe, 0x09, 0x7d, 0xba,
	0xfe, 0x08, 0x7d, 0xb8, 0xfd, 0x07, 0x7d, 0xb9, 0xfd, 0x08, 0x7e, 0xbb,
	0xfd, 0x09, 0x81, 0xbc, 0xfe, 0x08, 0x86, 0xbf, 0xff, 0x09, 0x86, 0xc1,
	0xff, 0x08, 0x77, 0xb9, 0xff, 0x03, 0x62, 0xaf, 0xff, 0x01, 0x65, 0xba,
	0xff, 0x05, 0x77, 0xd5, 0xff, 0x07, 0x89, 0xee, 0xff, 0x04, 0x98, 0xfa,
	0xff, 0x04, 0xa6, 0xfc, 0xff, 0x06, 0xb3, 0xfe, 0xff, 0x08, 0xc0, 0xff,
	0xfc, 0x0b, 0xce, 0xff, 0xef, 0x0f, 0xd6, 0xfe, 0xc0, 0x13, 0xd4, 0xfa,
	0x71, 0x19, 0xcb, 0xf1, 0x2f, 0x1d, 0xc6, 0xe8, 0x0f, 0x1b, 0xca, 0xea,
	0x05, 0x1b, 0xcb, 0xe9, 0x01, 0x1b, 0xcd, 0xe9, 0x00, 0x00, 0x00, 0x00,
	0x00, 0x00, 0x00, 0x00, 0x00, 0x00, 0x00, 0x00, 0x00, 0x00, 0x00, 0x00,
	0x00, 0x00, 0x00, 0x00, 0x00, 0x00, 0x00, 0x00, 0x00, 0x00, 0x00, 0x00,
	0x01, 0x08, 0x81, 0xd4, 0x45, 0x08, 0x81, 0xd4, 0xe1, 0x08, 0x80, 0xd1,
	0xff, 0x08, 0x7c, 0xca, 0xff, 0x08, 0x78, 0xc3, 0xff, 0x08, 0x78, 0xc0,
	0xff, 0x08, 0x7a, 0xc2, 0xff, 0x08, 0x7c, 0xc7, 0xff, 0x08, 0x7d, 0xcb,
	0xff, 0x08, 0x7f, 0xcc, 0xff, 0x08, 0x80, 0xcc, 0xff, 0x08, 0x7e, 0xcc,
	0xff, 0x08, 0x7c, 0xca, 0xff, 0x08, 0x78, 0xc6, 0xff, 0x08, 0x76, 0xc3,
	0xff, 0x08, 0x75, 0xc2, 0xfe, 0x08, 0x74, 0xc1, 0xfb, 0x08, 0x73, 0xc1,
	0xe6, 0x09, 0x73, 0xc0, 0xa8, 0x0d, 0x74, 0xbf, 0x55, 0x15, 0x79, 0xc2,
	0x1c, 0x12, 0x77, 0xc3, 0x09, 0x0e, 0x74, 0xc3, 0x03, 0x13, 0x77, 0xc6,
	0x01, 0x17, 0x79, 0xc7, 0x01, 0x23, 0x74, 0xb5, 0x00, 0x00, 0x00, 0x00,
	0x03, 0x33, 0x6f, 0x99, 0x0d, 0x2e, 0x72, 0x9e, 0x24, 0x26, 0x76, 0xa5,
	0x4e, 0x1f, 0x78, 0xaa, 0x83, 0x16, 0x7a, 0xb0, 0xba, 0x0f, 0x7b, 0xb3,
	0xe0, 0x0a, 0x7c, 0xb6, 0xf3, 0x05, 0x81, 0xbd, 0xfa, 0x04, 0x88, 0xc8,
	0xfc, 0x06, 0x8e, 0xce, 0xfd, 0x08, 0x90, 0xce, 0xfe, 0x08, 0x91, 0xce,
	0xfe, 0x08, 0x92, 0xcd, 0xfd, 0x09, 0x92, 0xcd, 0xfd, 0x0b, 0x94, 0xce,
	0xfe, 0x0d, 0x98, 0xcf, 0xfe, 0x11, 0x97, 0xce, 0xff, 0x16, 0x92, 0xca,
	0xff, 0x1b, 0x8b, 0xc6, 0xff, 0x23, 0x86, 0xc2, 0xff, 0x2c, 0x85, 0xbf,
	0xff, 0x31, 0x84, 0xbf, 0xff, 0x2f, 0x82, 0xbe, 0xff, 0x2f, 0x7f, 0xbc,
	0xff, 0x2e, 0x7d, 0xb9, 0xff, 0x2e, 0x7b, 0xb8, 0xff, 0x2e, 0x77, 0xb7,
	0xff, 0x2e, 0x75, 0xb5, 0xff, 0x2c, 0x73, 0xb3, 0xff, 0x21, 0x71, 0xb3,
	0xff, 0x10, 0x6e, 0xb1, 0xff, 0x07, 0x6c, 0xb0, 0xff, 0x04, 0x6c, 0xb0,
	0xff, 0x03, 0x6c, 0xaf, 0xff, 0x02, 0x6c, 0xb0, 0xff, 0x03, 0x6d, 0xb3,
	0xff, 0x04, 0x74, 0xb8, 0xff, 0x03, 0x7d, 0xbf, 0xff, 0x05, 0x83, 0xc6,
	0xff, 0x07, 0x7c, 0xbf, 0xff, 0x05, 0x68, 0xb0, 0xff, 0x01, 0x64, 0xb6,
	0xff, 0x03, 0x73, 0xd0, 0xff, 0x06, 0x89, 0xeb, 0xff, 0x05, 0x9a, 0xfb,
	0xff, 0x06, 0xa8, 0xff, 0xff, 0x05, 0xb5, 0xff, 0xff, 0x05, 0xc2, 0xff,
	0xff, 0x08, 0xcf, 0xff, 0xfd, 0x0c, 0xdb, 0xff, 0xf1, 0x0f, 0xdf, 0xfe,
	0xce, 0x13, 0xda, 0xf9, 0x91, 0x18, 0xd1, 0xf1, 0x42, 0x1b, 0xce, 0xed,
	0x13, 0x1a, 0xd0, 0xec, 0x04, 0x1b, 0xd0, 0xeb, 0x00, 0x00, 0x00, 0x00,
	0x00, 0x00, 0x00, 0x00, 0x00, 0x00, 0x00, 0x00, 0x00, 0x00, 0x00, 0x00,
	0x00, 0x00, 0x00, 0x00, 0x00, 0x00, 0x00, 0x00, 0x00, 0x00, 0x00, 0x00,
	0x01, 0x08, 0x76, 0xc5, 0x45, 0x08, 0x76, 0xc4, 0xe1, 0x08, 0x75, 0xc3,
	0xff, 0x08, 0x73, 0xc0, 0xff, 0x07, 0x72, 0xbd, 0xff, 0x06, 0x73, 0xbd,
	0xff, 0x07, 0x76, 0xbe, 0xff, 0x08, 0x7a, 0xc1, 0xff, 0x08, 0x7c, 0xc5,
	0xff, 0x08, 0x7d, 0xc7, 0xff, 0x08, 0x7f, 0xc7, 0xff, 0x08, 0x7e, 0xc7,
	0xff, 0x08, 0x7c, 0xc8, 0xff, 0x08, 0x7a, 0xc9, 0xff, 0x08, 0x78, 0xc8,
	0xff, 0x08, 0x78, 0xc8, 0xff, 0x08, 0x78, 0xc7, 0xfe, 0x08, 0x77, 0xc7,
	0xfb, 0x08, 0x76, 0xc6, 0xee, 0x09, 0x75, 0xc5, 0xc7, 0x0c, 0x75, 0xc5,
	0x7f, 0x0b, 0x73, 0xc3, 0x2f, 0x0e, 0x75, 0xc6, 0x16, 0x14, 0x79, 0xc9,
	0x09, 0x15, 0x7a, 0xc8, 0x04, 0x1a, 0x76, 0xbe, 0x04, 0x34, 0x6d, 0x9a,
	0x0b, 0x30, 0x6d, 0x9a, 0x23, 0x28, 0x70, 0xa1, 0x57, 0x1f, 0x74, 0xa7,
	0xa0, 0x14, 0x76, 0xaf, 0xcf, 0x0c, 0x76, 0xb3, 0xeb, 0x08, 0x78, 0xb7,
	0xf8, 0x06, 0x7e, 0xc1, 0xfd, 0x04, 0x8a, 0xd1, 0xfe, 0x03, 0x96, 0xe0,
	0xff, 0x04, 0x9f, 0xe8, 0xff, 0x05, 0xa4, 0xe9, 0xff, 0x07, 0xa6, 0xe9,
	0xff, 0x0a, 0xa7, 0xe7, 0xff, 0x11, 0xa9, 0xe5, 0xff, 0x1d, 0xa6, 0xdf,
	0xff, 0x2e, 0x9b, 0xd4, 0xff, 0x3a, 0x93, 0xcc, 0xff, 0x41, 0x90, 0xc7,
	0xff, 0x46, 0x8e, 0xc4, 0xff, 0x4b, 0x8c, 0xc0, 0xff, 0x50, 0x8c, 0xbe,
	0xff, 0x52, 0x8c, 0xbd, 0xff, 0x52, 0x8c, 0xbc, 0xff, 0x52, 0x8b, 0xbc,
	0xff, 0x52, 0x8b, 0xbb, 0xff, 0x53, 0x8b, 0xbb, 0xff, 0x53, 0x8b, 0xbb,
	0xff, 0x53, 0x8a, 0xbb, 0xff, 0x4e, 0x87, 0xba, 0xff, 0x42, 0x81, 0xb8,
	0xff, 0x2f, 0x78, 0xb4, 0xff, 0x1b, 0x6f, 0xb0, 0xff, 0x0f, 0x69, 0xad,
	0xff, 0x07, 0x65, 0xac, 0xff, 0x03, 0x64, 0xaf, 0xff, 0x04, 0x69, 0xb9,
	0xff, 0x05, 0x71, 0xc3, 0xff, 0x02, 0x7a, 0xca, 0xff, 0x03, 0x80, 0xcf,
	0xff, 0x07, 0x7e, 0xc5, 0xff, 0x06, 0x6d, 0xb5, 0xff, 0x02, 0x62, 0xb3,
	0xff, 0x01, 0x6e, 0xc9, 0xff, 0x03, 0x87, 0xe5, 0xff, 0x05, 0x9a, 0xf9,
	0xff, 0x07, 0xaa, 0xff, 0xff, 0x06, 0xb8, 0xff, 0xff, 0x06, 0xc3, 0xff,
	0xff, 0x07, 0xce, 0xff, 0xff, 0x09, 0xdc, 0xff, 0xfd, 0x0d, 0xe6, 0xfe,
	0xf5, 0x10, 0xe8, 0xfd, 0xd9, 0x12, 0xe3, 0xfa, 0x8a, 0x18, 0xda, 0xf3,
	0x31, 0x19, 0xd7, 0xf0, 0x09, 0x18, 0xdd, 0xf3, 0x01, 0x19, 0xdf, 0xf2,
	0x00, 0x00, 0x00, 0x00, 0x00, 0x00, 0x00, 0x00, 0x00, 0x00, 0x00, 0x00,
	0x00, 0x00, 0x00, 0x00, 0x00, 0x00, 0x00, 0x00, 0x00, 0x00, 0x00, 0x00,
	0x01, 0x09, 0x68, 0xaf, 0x45, 0x09, 0x68, 0xaf, 0xe1, 0x08, 0x69, 0xb1,
	0xff, 0x08, 0x6a, 0xb4, 0xff, 0x08, 0x6c, 0xb6, 0xff, 0x07, 0x70, 0xba,
	0xff, 0x06, 0x72, 0xbd, 0xff, 0x07, 0x75, 0xbe, 0xff, 0x08, 0x78, 0xc1,
	0xff, 0x08, 0x79, 0xc4, 0xff, 0x08, 0x7a, 0xc5, 0xff, 0x08, 0x7b, 0xc5,
	0xff, 0x08, 0x7b, 0xc7, 0xff, 0x08, 0x7a, 0xcb, 0xff, 0x08, 0x7b, 0xcd,
	0xff, 0x08, 0x7b, 0xcd, 0xff, 0x08, 0x7b, 0xce, 0xff, 0x08, 0x7a, 0xcd,
	0xff, 0x08, 0x79, 0xcc, 0xfe, 0x08, 0x77, 0xca, 0xf8, 0x09, 0x75, 0xc9,
	0xdb, 0x0a, 0x74, 0xc9, 0x97, 0x0e, 0x76, 0xca, 0x51, 0x13, 0x78, 0xca,
	0x25, 0x12, 0x78, 0xc8, 0x0d, 0x17, 0x76, 0xc0, 0x09, 0x34, 0x6c, 0x9b,
	0x1a, 0x2f, 0x6a, 0x99, 0x46, 0x20, 0x6d, 0xa5, 0xa0, 0x17, 0x70, 0xac,
	0xda, 0x0d, 0x71, 0xb0, 0xf1, 0x06, 0x73, 0xb5, 0xfb, 0x05, 0x7a, 0xc0,
	0xfe, 0x06, 0x84, 0xd3, 0xff, 0x06, 0x93, 0xe6, 0xff, 0x05, 0xa3, 0xf2,
	0xff, 0x06, 0xae, 0xf7, 0xff, 0x09, 0xb5, 0xf8, 0xff, 0x0f, 0xb9, 0xf5,
	0xff, 0x1a, 0xb4, 0xed, 0xff, 0x2c, 0xa5, 0xdf, 0xff, 0x3f, 0x96, 0xd1,
	0xff, 0x4b, 0x8f, 0xc7, 0xff, 0x52, 0x8e, 0xc0, 0xff, 0x55, 0x8e, 0xbc,
	0xff, 0x56, 0x8e, 0xba, 0xff, 0x57, 0x8d, 0xb9, 0xff, 0x58, 0x8c, 0xb7,
	0xff, 0x58, 0x8c, 0xb7, 0xff, 0x59, 0x8c, 0xb8, 0xff, 0x5a, 0x8f, 0xb8,
	0xff, 0x5b, 0x90, 0xba, 0xff, 0x5c, 0x91, 0xbc, 0xff, 0x5d, 0x93, 0xbf,
	0xff, 0x5e, 0x94, 0xc0, 0xff, 0x5c, 0x94, 0xc1, 0xff, 0x56, 0x92, 0xc1,
	0xff, 0x4b, 0x8c, 0xbf, 0xff, 0x3b, 0x83, 0xbc, 0xff, 0x2c, 0x7b, 0xb9,
	0xff, 0x1f, 0x72, 0xb7, 0xff, 0x14, 0x6d, 0xba, 0xff, 0x0c, 0x6d, 0xc3,
	0xff, 0x06, 0x72, 0xcd, 0xff, 0x02, 0x78, 0xd3, 0xff, 0x02, 0x7f, 0xd5,
	0xff, 0x06, 0x81, 0xca, 0xff, 0x06, 0x72, 0xb9, 0xff, 0x02, 0x63, 0xb0,
	0xff, 0x00, 0x6b, 0xc2, 0xff, 0x01, 0x83, 0xde, 0xff, 0x03, 0x98, 0xf5,
	0xff, 0x04, 0xab, 0xfe, 0xff, 0x06, 0xb9, 0xff, 0xff, 0x07, 0xc3, 0xff,
	0xff, 0x07, 0xcd, 0xff, 0xff, 0x08, 0xda, 0xff, 0xff, 0x0c, 0xe7, 0xff,
	0xfd, 0x0e, 0xf0, 0xff, 0xf2, 0x11, 0xf2, 0xfe, 0xbb, 0x13, 0xed, 0xfb,
	0x4f, 0x16, 0xe8, 0xf8, 0x10, 0x19, 0xe6, 0xf6, 0x02, 0x1a, 0xe8, 0xf6,
	0x00, 0x00, 0x00, 0x00, 0x00, 0x00, 0x00, 0x00, 0x00, 0x00, 0x00, 0x00,
	0x00, 0x00, 0x00, 0x00, 0x00, 0x00, 0x00, 0x00, 0x00, 0x00, 0x00, 0x00,
	0x01, 0x0e, 0x46, 0x74, 0x45, 0x0d, 0x48, 0x78, 0xe1, 0x0b, 0x51, 0x88,
	0xff, 0x08, 0x5f, 0xa3, 0xff, 0x08, 0x63, 0xa9, 0xff, 0x08, 0x67, 0xaf,
	0xff, 0x07, 0x6a, 0xb4, 0xff, 0x07, 0x6d, 0xb6, 0xff, 0x09, 0x6f, 0xb9,
	0xff, 0x0a, 0x71, 0xbc, 0xff, 0x08, 0x74, 0xc0, 0xff, 0x08, 0x77, 0xc4,
	0xff, 0x08, 0x78, 0xc8, 0xff, 0x08, 0x7a, 0xcd, 0xff, 0x08, 0x7c, 0xce,
	0xff, 0x08, 0x7d, 0xd1, 0xff, 0x08, 0x7d, 0xd3, 0xff, 0x08, 0x7c, 0xd3,
	0xff, 0x08, 0x7b, 0xd2, 0xff, 0x08, 0x7a, 0xd0, 0xfe, 0x08, 0x78, 0xd0,
	0xf8, 0x09, 0x77, 0xcf, 0xe1, 0x0a, 0x77, 0xcf, 0xb3, 0x0e, 0x78, 0xce,
	0x60, 0x10, 0x79, 0xcb, 0x1a, 0x19, 0x76, 0xc0, 0x10, 0x38, 0x6b, 0x98,
	0x2e, 0x2f, 0x68, 0x98, 0x71, 0x1a, 0x69, 0xa6, 0xc7, 0x0f, 0x6b, 0xae,
	0xef, 0x09, 0x6f, 0xb4, 0xfa, 0x05, 0x78, 0xbf, 0xfd, 0x06, 0x84, 0xd3,
	0xff, 0x09, 0x90, 0xe6, 0xff, 0x08, 0xa1, 0xf4, 0xff, 0x08, 0xb2, 0xfb,
	0xff, 0x0c, 0xbe, 0xfb, 0xff, 0x16, 0xc0, 0xf4, 0xff, 0x29, 0xae, 0xe4,
	0xff, 0x3d, 0x99, 0xd4, 0xff, 0x49, 0x8f, 0xc9, 0xff, 0x4f, 0x8c, 0xc0,
	0xff, 0x51, 0x8d, 0xbb, 0xff, 0x53, 0x8d, 0xb7, 0xff, 0x54, 0x8c, 0xb6,
	0xff, 0x56, 0x8b, 0xb5, 0xff, 0x59, 0x8c, 0xb7, 0xff, 0x5a, 0x8d, 0xb9,
	0xff, 0x5b, 0x90, 0xba, 0xff, 0x5d, 0x90, 0xbd, 0xff, 0x5f, 0x94, 0xbf,
	0xff, 0x61, 0x97, 0xc3, 0xff, 0x62, 0x9b, 0xc6, 0xff, 0x63, 0x9d, 0xc9,
	0xff, 0x64, 0x9f, 0xcb, 0xff, 0x63, 0xa0, 0xcc, 0xff, 0x60, 0x9f, 0xcd,
	0xff, 0x5b, 0x9c, 0xcd, 0xff, 0x54, 0x98, 0xcc, 0xff, 0x4a, 0x92, 0xcb,
	0xff, 0x3e, 0x8b, 0xca, 0xff, 0x30, 0x84, 0xcb, 0xff, 0x1f, 0x7c, 0xcd,
	0xff, 0x0f, 0x77, 0xd2, 0xff, 0x04, 0x78, 0xd9, 0xff, 0x02, 0x7e, 0xdc,
	0xff, 0x06, 0x83, 0xcd, 0xff, 0x07, 0x77, 0xbc, 0xff, 0x02, 0x65, 0xaf,
	0xff, 0x00, 0x67, 0xb9, 0xff, 0x00, 0x7e, 0xd7, 0xff, 0x01, 0x94, 0xef,
	0xff, 0x02, 0xa9, 0xfd, 0xff, 0x06, 0xba, 0xff, 0xff, 0x07, 0xc7, 0xff,
	0xff, 0x08, 0xcf, 0xff, 0xff, 0x08, 0xd6, 0xff, 0xff, 0x0a, 0xe1, 0xff,
	0xff, 0x0e, 0xed, 0xff, 0xfb, 0x11, 0xf8, 0xff, 0xd4, 0x14, 0xf9, 0xfe,
	0x6f, 0x17, 0xf3, 0xfb, 0x22, 0x1a, 0xed, 0xf8, 0x07, 0x1a, 0xed, 0xf8,
	0x01, 0x1b, 0xee, 0xf7, 0x00, 0x00, 0x00, 0x00, 0x00, 0x00, 0x00, 0x00,
	0x00, 0x00, 0x00, 0x00, 0x00, 0x00, 0x00, 0x00, 0x00, 0x00, 0x00, 0x00,
	0x01, 0x13, 0x33, 0x53, 0x45, 0x12, 0x35, 0x56, 0xe1, 0x0f, 0x3e, 0x68,
	0xff, 0x0a, 0x4c, 0x86, 0xff, 0x08, 0x50, 0x8f, 0xff, 0x08, 0x51, 0x92,
	0xff, 0x08, 0x53, 0x95, 0xff, 0x08, 0x54, 0x96, 0xff, 0x08, 0x56, 0x97,
	0xff, 0x08, 0x59, 0x9c, 0xff, 0x08, 0x62, 0xa8, 0xff, 0x07, 0x6b, 0xb5,
	0xff, 0x07, 0x72, 0xbf, 0xff, 0x08, 0x76, 0xc7, 0xff, 0x05, 0x79, 0xcc,
	0xff, 0x05, 0x7d, 0xd1, 0xff, 0x07, 0x7e, 0xd5, 0xff, 0x08, 0x7f, 0xd6,
	0xff, 0x09, 0x7e, 0xd6, 0xff, 0x08, 0x7d, 0xd7, 0xff, 0x08, 0x7d, 0xd8,
	0xfe, 0x08, 0x7e, 0xda, 0xf8, 0x09, 0x80, 0xdd, 0xe0, 0x0a, 0x80, 0xdb,
	0x87, 0x0f, 0x7e, 0xd2, 0x28, 0x1d, 0x78, 0xbf, 0x19, 0x3f, 0x6b, 0x92,
	0x3d, 0x34, 0x68, 0x94, 0x80, 0x19, 0x67, 0xa4, 0xc4, 0x0e, 0x6a, 0xae,
	0xe9, 0x09, 0x74, 0xbc, 0xf6, 0x05, 0x85, 0xcf, 0xfb, 0x07, 0x96, 0xe5,
	0xfd, 0x0a, 0xa5, 0xf3, 0xfe, 0x09, 0xb8, 0xfa, 0xff, 0x0b, 0xcc, 0xfc,
	0xff, 0x17, 0xcf, 0xf5, 0xff, 0x2f, 0xb1, 0xe2, 0xff, 0x45, 0x93, 0xce,
	0xff, 0x4e, 0x8d, 0xc3, 0xff, 0x51, 0x8c, 0xbd, 0xff, 0x52, 0x8c, 0xb9,
	0xff, 0x52, 0x8c, 0xb6, 0xff, 0x53, 0x8c, 0xb5, 0xff, 0x55, 0x8c, 0xb6,
	0xff, 0x59, 0x8e, 0xb8, 0xff, 0x5b, 0x91, 0xbc, 0xff, 0x5e, 0x93, 0xc0,
	0xff, 0x60, 0x96, 0xc4, 0xff, 0x63, 0x99, 0xc8, 0xff, 0x66, 0x9e, 0xcd,
	0xff, 0x67, 0xa2, 0xd0, 0xff, 0x69, 0xa5, 0xd2, 0xff, 0x69, 0xa8, 0xd5,
	0xff, 0x6a, 0xaa, 0xd6, 0xff, 0x6a, 0xab, 0xd7, 0xff, 0x6a, 0xab, 0xd8,
	0xff, 0x68, 0xaa, 0xd9, 0xff, 0x64, 0xa9, 0xda, 0xff, 0x60, 0xa6, 0xda,
	0xff, 0x58, 0xa2, 0xda, 0xff, 0x4d, 0x9c, 0xda, 0xff, 0x3f, 0x94, 0xda,
	0xff, 0x2c, 0x8c, 0xdb, 0xff, 0x18, 0x84, 0xe0, 0xff, 0x0b, 0x83, 0xe3,
	0xff, 0x08, 0x85, 0xd0, 0xff, 0x07, 0x7c, 0xbd, 0xff, 0x03, 0x69, 0xaf,
	0xff, 0x00, 0x65, 0xb5, 0xff, 0x01, 0x78, 0xd0, 0xff, 0x01, 0x90, 0xe9,
	0xff, 0x01, 0xa7, 0xfb, 0xff, 0x04, 0xba, 0xfe, 0xff, 0x08, 0xc9, 0xff,
	0xff, 0x08, 0xd1, 0xff, 0xff, 0x08, 0xd6, 0xff, 0xff, 0x08, 0xdf, 0xff,
	0xff, 0x0a, 0xe9, 0xff, 0xfc, 0x0d, 0xf5, 0xff, 0xeb, 0x13, 0xfa, 0xfe,
	0xab, 0x17, 0xf7, 0xfc, 0x40, 0x19, 0xf3, 0xfb, 0x0d, 0x1c, 0xf0, 0xf9,
	0x02, 0x1d, 0xec, 0xf6, 0x00, 0x00, 0x00, 0x00, 0x00, 0x00, 0x00, 0x00,
	0x00, 0x00, 0x00, 0x00, 0x00, 0x00, 0x00, 0x00, 0x00, 0x00, 0x00, 0x00,
	0x01, 0x13, 0x3b, 0x63, 0x45, 0x12, 0x3c, 0x66, 0xe1, 0x0e, 0x41, 0x73,
	0xff, 0x07, 0x4a, 0x86, 0xff, 0x07, 0x4b, 0x8a, 0xff, 0x07, 0x4d, 0x8b,
	0xff, 0x07, 0x4d, 0x8d, 0xff, 0x07, 0x4e, 0x8d, 0xff, 0x07, 0x4d, 0x8d,
	0xff, 0x07, 0x4e, 0x8e, 0xff, 0x07, 0x4f, 0x8f, 0xff, 0x07, 0x53, 0x95,
	0xff, 0x07, 0x5a, 0x9e, 0xff, 0x07, 0x62, 0xaa, 0xff, 0x05, 0x69, 0xb5,
	0xff, 0x07, 0x71, 0xc0, 0xff, 0x08, 0x76, 0xc8, 0xff, 0x0a, 0x7a, 0xce,
	0xff, 0x0c, 0x7d, 0xd4, 0xff, 0x0a, 0x7f, 0xd8, 0xff, 0x08, 0x82, 0xdd,
	0xff, 0x08, 0x87, 0xe5, 0xfd, 0x08, 0x8b, 0xec, 0xec, 0x09, 0x8a, 0xea,
	0x93, 0x0f, 0x84, 0xdb, 0x2f, 0x21, 0x78, 0xb9, 0x19, 0x3e, 0x6a, 0x91,
	0x35, 0x3b, 0x69, 0x91, 0x62, 0x23, 0x67, 0x9f, 0x92, 0x10, 0x69, 0xad,
	0xbd, 0x0b, 0x76, 0xbf, 0xd7, 0x08, 0x8d, 0xd6, 0xed, 0x0d, 0xa3, 0xe8,
	0xf7, 0x11, 0xb8, 0xf1, 0xfd, 0x12, 0xce, 0xf6, 0xff, 0x17, 0xd8, 0xf5,
	0xff, 0x2c, 0xc1, 0xe7, 0xff, 0x46, 0x9b, 0xcf, 0xff, 0x50, 0x8e, 0xc1,
	0xff, 0x52, 0x8d, 0xbb, 0xff, 0x52, 0x8c, 0xb8, 0xff, 0x52, 0x8b, 0xb6,
	0xff, 0x53, 0x8b, 0xb6, 0xff, 0x56, 0x8d, 0xb8, 0xff, 0x59, 0x90, 0xbc,
	0xff, 0x5c, 0x93, 0xc0, 0xff, 0x5f, 0x97, 0xc4, 0xff, 0x62, 0x9c, 0xc9,
	0xff, 0x66, 0x9f, 0xcd, 0xff, 0x68, 0xa3, 0xd2, 0xff, 0x6b, 0xa9, 0xd8,
	0xff, 0x6d, 0xac, 0xdb, 0xff, 0x6e, 0xae, 0xdd, 0xff, 0x70, 0xb1, 0xdf,
	0xff, 0x71, 0xb4, 0xe1, 0xff, 0x72, 0xb5, 0xe1, 0xff, 0x72, 0xb5, 0xe2,
	0xff, 0x71, 0xb5, 0xe3, 0xff, 0x70, 0xb5, 0xe4, 0xff, 0x6e, 0xb4, 0xe4,
	0xff, 0x69, 0xb2, 0xe4, 0xff, 0x63, 0xae, 0xe4, 0xff, 0x5b, 0xaa, 0xe3,
	0xff, 0x52, 0xa7, 0xe5, 0xff, 0x48, 0xa5, 0xeb, 0xff, 0x36, 0x9f, 0xee,
	0xff, 0x19, 0x91, 0xd6, 0xff, 0x0a, 0x80, 0xc0, 0xff, 0x04, 0x6e, 0xb3,
	0xff, 0x03, 0x67, 0xb7, 0xff, 0x05, 0x76, 0xcf, 0xff, 0x06, 0x8b, 0xe6,
	0xff, 0x03, 0xa2, 0xf9, 0xff, 0x03, 0xb9, 0xff, 0xff, 0x07, 0xca, 0xff,
	0xff, 0x08, 0xd5, 0xff, 0xff, 0x08, 0xd9, 0xff, 0xff, 0x08, 0xde, 0xff,
	0xff, 0x08, 0xe6, 0xff, 0xfe, 0x0a, 0xf1, 0xff, 0xf7, 0x10, 0xf9, 0xff,
	0xce, 0x16, 0xfa, 0xfd, 0x67, 0x1a, 0xf3, 0xfa, 0x1d, 0x1d, 0xed, 0xf6,
	0x04, 0x1e, 0xec, 0xf5, 0x00, 0x00, 0x00, 0x00, 0x00, 0x00, 0x00, 0x00,
	0x00, 0x00, 0x00, 0x00, 0x00, 0x00, 0x00, 0x00, 0x00, 0x00, 0x00, 0x00,
	0x01, 0x0d, 0x43, 0x74, 0x45, 0x0c, 0x44, 0x76, 0xe1, 0x09, 0x47, 0x7e,
	0xff, 0x06, 0x4b, 0x8a, 0xff, 0x07, 0x4e, 0x8d, 0xff, 0x08, 0x50, 0x8f,
	0xff, 0x07, 0x52, 0x90, 0xff, 0x06, 0x52, 0x92, 0xff, 0x06, 0x53, 0x92,
	0xff, 0x07, 0x53, 0x92, 0xff, 0x08, 0x53, 0x92, 0xff, 0x08, 0x53, 0x93,
	0xff, 0x08, 0x54, 0x94, 0xff, 0x08, 0x54, 0x95, 0xff, 0x08, 0x55, 0x96,
	0xff, 0x08, 0x5a, 0x9e, 0xff, 0x08, 0x60, 0xa7, 0xff, 0x09, 0x65, 0xae,
	0xff, 0x09, 0x6b, 0xb7, 0xff, 0x08, 0x71, 0xc0, 0xff, 0x08, 0x78, 0xce,
	0xff, 0x08, 0x81, 0xd9, 0xfe, 0x08, 0x86, 0xe2, 0xf1, 0x0a, 0x89, 0xe4,
	0xa8, 0x13, 0x81, 0xd0, 0x45, 0x27, 0x6e, 0xa6, 0x1d, 0x3b, 0x66, 0x8d,
	0x21, 0x3b, 0x68, 0x90, 0x3f, 0x1d, 0x64, 0x9f, 0x7d, 0x0d, 0x62, 0xa8,
	0x93, 0x0a, 0x68, 0xb1, 0x9f, 0x0e, 0x7e, 0xc3, 0xbf, 0x17, 0x98, 0xd4,
	0xde, 0x22, 0xac, 0xd8, 0xfb, 0x2c, 0xb9, 0xda, 0xff, 0x34, 0xb8, 0xdd,
	0xff, 0x46, 0xa0, 0xd2, 0xff, 0x51, 0x90, 0xc2, 0xff, 0x52, 0x8e, 0xbb,
	0xff, 0x52, 0x8c, 0xb8, 0xff, 0x52, 0x8b, 0xb6, 0xff, 0x54, 0x8b, 0xb6,
	0xff, 0x56, 0x8d, 0xb9, 0xff, 0x5a, 0x91, 0xbd, 0xff, 0x5d, 0x95, 0xc2,
	0xff, 0x61, 0x9a, 0xc7, 0xff, 0x64, 0x9f, 0xcd, 0xff, 0x67, 0xa4, 0xd2,
	0xff, 0x6a, 0xa7, 0xd7, 0xff, 0x6d, 0xac, 0xdc, 0xff, 0x70, 0xb0, 0xdf,
	0xff, 0x72, 0xb4, 0xe3, 0xff, 0x73, 0xb6, 0xe5, 0xff, 0x75, 0xb9, 0xe7,
	0xff, 0x77, 0xbc, 0xe8, 0xff, 0x78, 0xbe, 0xe9, 0xff, 0x79, 0xbe, 0xea,
	0xff, 0x79, 0xbf, 0xeb, 0xff, 0x78, 0xbe, 0xeb, 0xff, 0x76, 0xbd, 0xeb,
	0xff, 0x74, 0xbd, 0xeb, 0xff, 0x72, 0xbc, 0xeb, 0xff, 0x6f, 0xbc, 0xea,
	0xff, 0x6d, 0xbe, 0xeb, 0xff, 0x6d, 0xc1, 0xee, 0xff, 0x69, 0xc3, 0xf4,
	0xff, 0x36, 0xa4, 0xdb, 0xff, 0x0e, 0x85, 0xc2, 0xff, 0x05, 0x73, 0xb5,
	0xff, 0x07, 0x6b, 0xb9, 0xff, 0x0b, 0x79, 0xd5, 0xff, 0x0c, 0x8a, 0xe9,
	0xff, 0x07, 0x9d, 0xf9, 0xff, 0x04, 0xb5, 0xff, 0xff, 0x08, 0xca, 0xff,
	0xff, 0x08, 0xd8, 0xff, 0xff, 0x08, 0xde, 0xff, 0xff, 0x07, 0xe0, 0xff,
	0xff, 0x05, 0xe6, 0xff, 0xff, 0x07, 0xef, 0xff, 0xfc, 0x0d, 0xf8, 0xff,
	0xea, 0x14, 0xfa, 0xfd, 0xa9, 0x1a, 0xf3, 0xf8, 0x37, 0x1d, 0xee, 0xf6,
	0x09, 0x21, 0xe8, 0xf0, 0x01, 0x25, 0xe1, 0xe9, 0x00, 0x00, 0x00, 0x00,
	0x00, 0x00, 0x00, 0x00, 0x00, 0x00, 0x00, 0x00, 0x00, 0x00, 0x00, 0x00,
	0x01, 0x0a, 0x48, 0x7f, 0x45, 0x0a, 0x49, 0x80, 0xe1, 0x09, 0x4c, 0x86,
	0xff, 0x07, 0x51, 0x91, 0xff, 0x08, 0x54, 0x94, 0xff, 0x08, 0x57, 0x98,
	0xff, 0x08, 0x5a, 0x9c, 0xff, 0x08, 0x5b, 0x9e, 0xff, 0x08, 0x5d, 0xa0,
	0xff, 0x08, 0x5e, 0xa1, 0xff, 0x08, 0x5f, 0xa2, 0xff, 0x08, 0x60, 0xa4,
	0xff, 0x08, 0x61, 0xa5, 0xff, 0x08, 0x62, 0xa8, 0xff, 0x08, 0x63, 0xa9,
	0xff, 0x08, 0x64, 0xab, 0xff, 0x08, 0x65, 0xac, 0xff, 0x08, 0x65, 0xac,
	0xff, 0x08, 0x65, 0xad, 0xff, 0x08, 0x66, 0xae, 0xff, 0x08, 0x68, 0xb2,
	0xff, 0x08, 0x6b, 0xb7, 0xfe, 0x08, 0x70, 0xbe, 0xf7, 0x0a, 0x75, 0xc4,
	0xca, 0x12, 0x6f, 0xb5, 0x72, 0x21, 0x64, 0x9b, 0x2f, 0x2d, 0x62, 0x8f,
	0x20, 0x35, 0x66, 0x92, 0x43, 0x16, 0x61, 0xa0, 0xb3, 0x09, 0x5e, 0xa4,
	0xcf, 0x08, 0x5e, 0xa6, 0xa8, 0x0a, 0x63, 0xaa, 0x99, 0x10, 0x6d, 0xaf,
	0xc3, 0x25, 0x78, 0xb1, 0xfa, 0x3f, 0x83, 0xba, 0xff, 0x4e, 0x8d, 0xc8,
	0xff, 0x54, 0x90, 0xc5, 0xff, 0x54, 0x8e, 0xbc, 0xff, 0x53, 0x8c, 0xb8,
	0xff, 0x52, 0x8b, 0xb6, 0xff, 0x53, 0x8b, 0xb6, 0xff, 0x56, 0x8d, 0xb9,
	0xff, 0x5a, 0x91, 0xbd, 0xff, 0x5e, 0x97, 0xc4, 0xff, 0x62, 0x9c, 0xca,
	0xff, 0x65, 0xa1, 0xd0, 0xff, 0x68, 0xa6, 0xd5, 0xff, 0x6b, 0xab, 0xd9,
	0xff, 0x6f, 0xae, 0xde, 0xff, 0x71, 0xb3, 0xe3, 0xff, 0x73, 0xb7, 0xe6,
	0xff, 0x75, 0xbb, 0xe9, 0xff, 0x78, 0xbe, 0xeb, 0xff, 0x7a, 0xc1, 0xed,
	0xff, 0x7d, 0xc4, 0xef, 0xff, 0x7e, 0xc6, 0xf0, 0xff, 0x7f, 0xc7, 0xf1,
	0xff, 0x7f, 0xc7, 0xf0, 0xff, 0x7f, 0xc6, 0xf0, 0xff, 0x7d, 0xc6, 0xef,
	0xff, 0x7c, 0xc6, 0xef, 0xff, 0x7b, 0xc8, 0xee, 0xff, 0x7c, 0xcb, 0xee,
	0xff, 0x7e, 0xd0, 0xf0, 0xff, 0x80, 0xd6, 0xf1, 0xff, 0x7e, 0xd8, 0xf4,
	0xff, 0x42, 0xaf, 0xdc, 0xff, 0x11, 0x88, 0xc3, 0xff, 0x06, 0x77, 0xb7,
	0xff, 0x08, 0x6c, 0xb7, 0xff, 0x0d, 0x7c, 0xd7, 0xff, 0x0d, 0x8c, 0xee,
	0xff, 0x07, 0x9f, 0xfb, 0xff, 0x06, 0xb2, 0xff, 0xff, 0x08, 0xc8, 0xff,
	0xff, 0x08, 0xd9, 0xff, 0xff, 0x08, 0xe1, 0xff, 0xff, 0x06, 0xe5, 0xff,
	0xff, 0x04, 0xe9, 0xff, 0xff, 0x05, 0xef, 0xff, 0xfe, 0x0a, 0xf7, 0xff,
	0xf7, 0x12, 0xfb, 0xfe, 0xc7, 0x19, 0xf9, 0xfb, 0x5b, 0x1f, 0xed, 0xf2,
	0x17, 0x24, 0xe3, 0xea, 0x03, 0x26, 0xe1, 0xe8, 0x00, 0x00, 0x00, 0x00,
	0x00, 0x00, 0x00, 0x00, 0x00, 0x00, 0x00, 0x00, 0x00, 0x00, 0x00, 0x00,
	0x01, 0x0b, 0x50, 0x8c, 0x45, 0x0b, 0x50, 0x8d, 0xe1, 0x0a, 0x53, 0x92,
	0xff, 0x08, 0x59, 0x9c, 0xff, 0x07, 0x5c, 0xa0, 0xff, 0x08, 0x60, 0xa5,
	0xff, 0x08, 0x63, 0xa9, 0xff, 0x08, 0x65, 0xac, 0xff, 0x08, 0x67, 0xae,
	0xff, 0x08, 0x68, 0xb1, 0xff, 0x08, 0x69, 0xb2, 0xff, 0x08, 0x6b, 0xb4,
	0xff, 0x08, 0x6c, 0xb6, 0xff, 0x08, 0x6e, 0xb9, 0xff, 0x08, 0x6f, 0xbb,
	0xff, 0x08, 0x71, 0xbe, 0xff, 0x08, 0x73, 0xc0, 0xff, 0x08, 0x75, 0xc2,
	0xff, 0x08, 0x76, 0xc4, 0xff, 0x08, 0x77, 0xc6, 0xff, 0x08, 0x77, 0xc7,
	0xff, 0x08, 0x77, 0xc7, 0xff, 0x08, 0x75, 0xc3, 0xfd, 0x09, 0x6f, 0xba,
	0xf0, 0x0c, 0x67, 0xae, 0xb6, 0x13, 0x63, 0xa3, 0x6b, 0x21, 0x65, 0x9c,
	0x37, 0x30, 0x6a, 0x9b, 0x4f, 0x18, 0x64, 0xa0, 0xc5, 0x09, 0x5e, 0xa4,
	0xf0, 0x08, 0x5d, 0xa4, 0xee, 0x08, 0x5d, 0xa5, 0xe2, 0x0a, 0x5f, 0xa6,
	0xe1, 0x18, 0x6a, 0xaf, 0xfb, 0x3c, 0x7f, 0xc1, 0xff, 0x54, 0x8f, 0xc8,
	0xff, 0x55, 0x8f, 0xbf, 0xff, 0x53, 0x8d, 0xb9, 0xff, 0x53, 0x8b, 0xb6,
	0xff, 0x53, 0x8b, 0xb6, 0xff, 0x56, 0x8d, 0xb8, 0xff, 0x5a, 0x92, 0xbd,
	0xff, 0x5e, 0x98, 0xc4, 0xff, 0x63, 0x9e, 0xcb, 0xff, 0x67, 0xa4, 0xd1,
	0xff, 0x6a, 0xa8, 0xd7, 0xff, 0x6c, 0xad, 0xdc, 0xff, 0x6f, 0xb1, 0xe0,
	0xff, 0x72, 0xb5, 0xe4, 0xff, 0x74, 0xb8, 0xe7, 0xff, 0x77, 0xbc, 0xeb,
	0xff, 0x7a, 0xc0, 0xee, 0xff, 0x7d, 0xc5, 0xf0, 0xff, 0x81, 0xc9, 0xf2,
	0xff, 0x83, 0xcb, 0xf4, 0xff, 0x85, 0xcd, 0xf5, 0xff, 0x85, 0xcf, 0xf5,
	0xff, 0x85, 0xcf, 0xf5, 0xff, 0x84, 0xce, 0xf4, 0xff, 0x83, 0xce, 0xf3,
	0xff, 0x82, 0xd0, 0xf2, 0xff, 0x83, 0xd3, 0xf2, 0xff, 0x85, 0xd8, 0xf3,
	0xff, 0x89, 0xde, 0xf4, 0xff, 0x8b, 0xe5, 0xf6, 0xff, 0x88, 0xe6, 0xf8,
	0xff, 0x48, 0xb7, 0xdd, 0xff, 0x12, 0x8b, 0xc3, 0xff, 0x07, 0x7b, 0xb9,
	0xff, 0x05, 0x6e, 0xb4, 0xff, 0x08, 0x7c, 0xd1, 0xff, 0x07, 0x92, 0xef,
	0xff, 0x03, 0xa4, 0xfc, 0xff, 0x07, 0xb3, 0xff, 0xff, 0x0a, 0xc6, 0xff,
	0xff, 0x0a, 0xd6, 0xff, 0xff, 0x08, 0xe2, 0xff, 0xff, 0x08, 0xe8, 0xff,
	0xff, 0x08, 0xeb, 0xff, 0xff, 0x06, 0xf0, 0xff, 0xff, 0x08, 0xf6, 0xff,
	0xfc, 0x10, 0xfc, 0xff, 0xe6, 0x18, 0xf9, 0xfb, 0x9a, 0x20, 0xed, 0xf1,
	0x30, 0x24, 0xe7, 0xec, 0x09, 0x2c, 0xe1, 0xe5, 0x01, 0x31, 0xdc, 0xe2,
	0x00, 0x00, 0x00, 0x00, 0x00, 0x00, 0x00, 0x00, 0x00, 0x00, 0x00, 0x00,
	0x01, 0x0e, 0x56, 0x96, 0x45, 0x0e, 0x57, 0x97, 0xe1, 0x0c, 0x5a, 0x9d,
	0xff, 0x08, 0x60, 0xa8, 0xff, 0x08, 0x64, 0xad, 0xff, 0x08, 0x69, 0xb2,
	0xff, 0x08, 0x6c, 0xb7, 0xff, 0x08, 0x6e, 0xba, 0xff, 0x08, 0x70, 0xbc,
	0xff, 0x08, 0x72, 0xbf, 0xff, 0x08, 0x74, 0xc1, 0xff, 0x08, 0x76, 0xc4,
	0xff, 0x08, 0x78, 0xc6, 0xff, 0x09, 0x79, 0xc9, 0xff, 0x09, 0x7b, 0xcd,
	0xff, 0x08, 0x7e, 0xcf, 0xff, 0x08, 0x80, 0xd2, 0xff, 0x08, 0x82, 0xd5,
	0xff, 0x08, 0x84, 0xd7, 0xff, 0x08, 0x84, 0xd8, 0xff, 0x08, 0x85, 0xd9,
	0xff, 0x08, 0x85, 0xd9, 0xff, 0x08, 0x85, 0xd8, 0xff, 0x08, 0x7f, 0xd1,
	0xfc, 0x0a, 0x74, 0xc3, 0xf0, 0x10, 0x6d, 0xb4, 0xc5, 0x27, 0x74, 0xb1,
	0x71, 0x40, 0x7d, 0xb0, 0x5c, 0x25, 0x6d, 0xa7, 0xca, 0x0b, 0x5f, 0xa4,
	0xf8, 0x08, 0x5d, 0xa4, 0xfd, 0x08, 0x5d, 0xa4, 0xfc, 0x0c, 0x60, 0xa7,
	0xfd, 0x25, 0x72, 0xb8, 0xfe, 0x4e, 0x8b, 0xc8, 0xff, 0x56, 0x91, 0xc2,
	0xff, 0x54, 0x8e, 0xbb, 0xff, 0x52, 0x8c, 0xb7, 0xff, 0x53, 0x8b, 0xb6,
	0xff, 0x55, 0x8c, 0xb7, 0xff, 0x59, 0x91, 0xbc, 0xff, 0x5e, 0x97, 0xc3,
	0xff, 0x63, 0x9e, 0xcc, 0xff, 0x67, 0xa5, 0xd3, 0xff, 0x6b, 0xaa, 0xd9,
	0xff, 0x6e, 0xaf, 0xde, 0xff, 0x70, 0xb3, 0xe2, 0xff, 0x72, 0xb6, 0xe6,
	0xff, 0x75, 0xb9, 0xe8, 0xff, 0x78, 0xbd, 0xec, 0xff, 0x7b, 0xc1, 0xef,
	0xff, 0x7f, 0xc7, 0xf2, 0xff, 0x83, 0xcb, 0xf5, 0xff, 0x86, 0xcf, 0xf6,
	0xff, 0x89, 0xd2, 0xf7, 0xff, 0x8b, 0xd4, 0xf8, 0xff, 0x8b, 0xd6, 0xf9,
	0xff, 0x8b, 0xd6, 0xf8, 0xff, 0x8a, 0xd6, 0xf6, 0xff, 0x89, 0xd7, 0xf5,
	0xff, 0x89, 0xda, 0xf5, 0xff, 0x8a, 0xde, 0xf5, 0xff, 0x8d, 0xe4, 0xf6,
	0xff, 0x90, 0xea, 0xf8, 0xff, 0x92, 0xef, 0xfa, 0xff, 0x8d, 0xed, 0xfa,
	0xff, 0x4e, 0xbe, 0xe0, 0xff, 0x15, 0x8f, 0xc4, 0xff, 0x08, 0x7d, 0xbb,
	0xff, 0x03, 0x71, 0xb3, 0xff, 0x02, 0x7d, 0xc9, 0xff, 0x01, 0x98, 0xed,
	0xff, 0x03, 0xa9, 0xfd, 0xff, 0x09, 0xb8, 0xff, 0xff, 0x0c, 0xc8, 0xff,
	0xff, 0x0c, 0xd6, 0xff, 0xff, 0x09, 0xe3, 0xff, 0xff, 0x08, 0xeb, 0xff,
	0xff, 0x0a, 0xee, 0xff, 0xff, 0x0a, 0xf1, 0xff, 0xff, 0x0a, 0xf6, 0xff,
	0xfe, 0x0f, 0xfc, 0xff, 0xf6, 0x16, 0xfc, 0xfd, 0xc9, 0x1e, 0xf5, 0xf7,
	0x61, 0x29, 0xe6, 0xeb, 0x15, 0x31, 0xe0, 0xe5, 0x02, 0x35, 0xdc, 0xe2,
	0x00, 0x00, 0x00, 0x00, 0x00, 0x00, 0x00, 0x00, 0x00, 0x00, 0x00, 0x00,
	0x01, 0x0f, 0x5d, 0xa1, 0x45, 0x0e, 0x5d, 0xa2, 0xe1, 0x0c, 0x60, 0xa8,
	0xff, 0x08, 0x67, 0xb3, 0xff, 0x08, 0x6c, 0xb9, 0xff, 0x08, 0x71, 0xbf,
	0xff, 0x08, 0x75, 0xc4, 0xff, 0x08, 0x77, 0xc7, 0xff, 0x08, 0x78, 0xc9,
	0xff, 0x09, 0x7b, 0xcc, 0xff, 0x09, 0x7c, 0xce, 0xff, 0x08, 0x7d, 0xce,
	0xff, 0x08, 0x7d, 0xcd, 0xff, 0x09, 0x7a, 0xcf, 0xff, 0x0a, 0x7c, 0xd4,
	0xff, 0x08, 0x84, 0xda, 0xff, 0x08, 0x8b, 0xe0, 0xff, 0x08, 0x8e, 0xe4,
	0xff, 0x08, 0x90, 0xe7, 0xff, 0x08, 0x91, 0xe8, 0xff, 0x08, 0x92, 0xea,
	0xff, 0x08, 0x92, 0xeb, 0xff, 0x08, 0x92, 0xec, 0xff, 0x08, 0x8f, 0xe6,
	0xff, 0x0a, 0x85, 0xdb, 0xfd, 0x14, 0x7e, 0xc9, 0xf1, 0x3b, 0x92, 0xd0,
	0xbd, 0x58, 0xa0, 0xd3, 0x79, 0x3c, 0x84, 0xbe, 0xcc, 0x0e, 0x62, 0xa7,
	0xf9, 0x08, 0x5d, 0xa4, 0xff, 0x09, 0x5e, 0xa4, 0xff, 0x15, 0x67, 0xac,
	0xff, 0x3a, 0x80, 0xc0, 0xff, 0x55, 0x91, 0xc7, 0xff, 0x55, 0x8f, 0xbd,
	0xff, 0x53, 0x8d, 0xb9, 0xff, 0x52, 0x8b, 0xb6, 0xff, 0x54, 0x8b, 0xb6,
	0xff, 0x57, 0x8e, 0xba, 0xff, 0x5c, 0x95, 0xc1, 0xff, 0x62, 0x9d, 0xca,
	0xff, 0x67, 0xa5, 0xd3, 0xff, 0x6b, 0xab, 0xdb, 0xff, 0x6f, 0xb1, 0xe0,
	0xff, 0x71, 0xb5, 0xe5, 0xff, 0x74, 0xb9, 0xe8, 0xff, 0x76, 0xbb, 0xeb,
	0xff, 0x79, 0xbe, 0xed, 0xff, 0x7d, 0xc3, 0xf0, 0xff, 0x80, 0xc8, 0xf4,
	0xff, 0x84, 0xcd, 0xf6, 0xff, 0x89, 0xd2, 0xf8, 0xff, 0x8c, 0xd6, 0xf9,
	0xff, 0x8e, 0xd9, 0xfa, 0xff, 0x90, 0xdb, 0xfb, 0xff, 0x91, 0xdc, 0xfb,
	0xff, 0x90, 0xdd, 0xfa, 0xff, 0x8f, 0xde, 0xf9, 0xff, 0x8e, 0xe0, 0xf8,
	0xff, 0x8e, 0xe3, 0xf7, 0xff, 0x90, 0xe7, 0xf7, 0xff, 0x92, 0xec, 0xf9,
	0xff, 0x95, 0xf2, 0xfb, 0xff, 0x96, 0xf5, 0xfc, 0xff, 0x93, 0xf3, 0xfc,
	0xff, 0x53, 0xc5, 0xe2, 0xff, 0x16, 0x92, 0xc5, 0xff, 0x09, 0x7f, 0xbc,
	0xff, 0x04, 0x73, 0xb6, 0xff, 0x00, 0x7a, 0xc3, 0xff, 0x00, 0x97, 0xea,
	0xff, 0x03, 0xac, 0xfd, 0xff, 0x08, 0xbc, 0xff, 0xff, 0x0b, 0xcc, 0xff,
	0xff, 0x0a, 0xdb, 0xff, 0xff, 0x08, 0xe7, 0xff, 0xff, 0x09, 0xee, 0xff,
	0xff, 0x0a, 0xf1, 0xff, 0xff, 0x0c, 0xf4, 0xff, 0xff, 0x0a, 0xf8, 0xff,
	0xff, 0x0f, 0xfd, 0xff, 0xfd, 0x15, 0xfe, 0xfe, 0xec, 0x1d, 0xf7, 0xf9,
	0xa0, 0x2a, 0xea, 0xee, 0x2e, 0x32, 0xe1, 0xe7, 0x07, 0x39, 0xd9, 0xe1,
	0x01, 0x3b, 0xd9, 0xe0, 0x00, 0x00, 0x00, 0x00, 0x00, 0x00, 0x00, 0x00,
	0x01, 0x0d, 0x64, 0xad, 0x45, 0x0c, 0x65, 0xae, 0xe1, 0x0a, 0x68, 0xb4,
	0xff, 0x07, 0x6f, 0xbe, 0xff, 0x08, 0x74, 0xc5, 0xff, 0x08, 0x7a, 0xcb,
	0xff, 0x08, 0x7d, 0xcf, 0xff, 0x08, 0x7f, 0xd2, 0xff, 0x0b, 0x82, 0xd6,
	0xff, 0x0d, 0x82, 0xd6, 0xff, 0x0c, 0x7b, 0xcf, 0xff, 0x09, 0x6f, 0xc2,
	0xff, 0x06, 0x64, 0xb5, 0xff, 0x05, 0x5c, 0xb1, 0xff, 0x05, 0x60, 0xbb,
	0xff, 0x07, 0x72, 0xcd, 0xff, 0x08, 0x85, 0xdf, 0xff, 0x0b, 0x94, 0xef,
	0xff, 0x0b, 0x9a, 0xf5, 0xff, 0x0b, 0x9a, 0xf6, 0xff, 0x0a, 0x9a, 0xf6,
	0xff, 0x0c, 0x9c, 0xf8, 0xff, 0x0a, 0x9e, 0xfa, 0xff, 0x0a, 0x9c, 0xf7,
	0xff, 0x0b, 0x95, 0xef, 0xfe, 0x1a, 0x92, 0xe0, 0xfd, 0x51, 0xb4, 0xeb,
	0xf0, 0x6c, 0xc2, 0xf0, 0xc5, 0x4f, 0x9f, 0xd6, 0xe5, 0x17, 0x6b, 0xaf,
	0xfc, 0x09, 0x5f, 0xa5, 0xff, 0x0b, 0x60, 0xa6, 0xff, 0x22, 0x70, 0xb3,
	0xff, 0x4f, 0x8e, 0xc5, 0xff, 0x57, 0x92, 0xc1, 0xff, 0x54, 0x8e, 0xba,
	0xff, 0x53, 0x8c, 0xb7, 0xff, 0x53, 0x8b, 0xb6, 0xff, 0x56, 0x8c, 0xb7,
	0xff, 0x5a, 0x91, 0xbd, 0xff, 0x60, 0x99, 0xc6, 0xff, 0x65, 0xa2, 0xd0,
	0xff, 0x6a, 0xab, 0xd9, 0xff, 0x6f, 0xb1, 0xe1, 0xff, 0x73, 0xb7, 0xe7,
	0xff, 0x76, 0xbb, 0xeb, 0xff, 0x79, 0xbf, 0xee, 0xff, 0x7b, 0xc2, 0xf0,
	0xff, 0x7e, 0xc5, 0xf2, 0xff, 0x82, 0xc9, 0xf5, 0xff, 0x85, 0xcd, 0xf7,
	0xff, 0x8a, 0xd3, 0xfa, 0xff, 0x8d, 0xd8, 0xfb, 0xff, 0x90, 0xdc, 0xfc,
	0xff, 0x92, 0xdf, 0xfc, 0xff, 0x94, 0xe1, 0xfc, 0xff, 0x95, 0xe2, 0xfc,
	0xff, 0x95, 0xe4, 0xfb, 0xff, 0x94, 0xe5, 0xfa, 0xff, 0x93, 0xe8, 0xf9,
	0xff, 0x93, 0xeb, 0xf9, 0xff, 0x94, 0xee, 0xf9, 0xff, 0x96, 0xf3, 0xfb,
	0xff, 0x98, 0xf7, 0xfd, 0xff, 0x99, 0xfa, 0xfe, 0xff, 0x98, 0xfa, 0xfe,
	0xff, 0x5e, 0xce, 0xe7, 0xff, 0x1b, 0x97, 0xc8, 0xff, 0x09, 0x81, 0xbd,
	0xff, 0x04, 0x75, 0xb7, 0xff, 0x00, 0x77, 0xbe, 0xff, 0x00, 0x94, 0xe4,
	0xff, 0x03, 0xaf, 0xfd, 0xff, 0x08, 0xc0, 0xff, 0xff, 0x08, 0xd1, 0xff,
	0xff, 0x09, 0xe1, 0xff, 0xff, 0x0b, 0xee, 0xff, 0xff, 0x0a, 0xf3, 0xff,
	0xff, 0x09, 0xf6, 0xff, 0xff, 0x09, 0xf8, 0xff, 0xff, 0x07, 0xfb, 0xff,
	0xff, 0x0c, 0xfe, 0xff, 0xff, 0x14, 0xfe, 0xff, 0xf9, 0x1c, 0xfb, 0xfc,
	0xcf, 0x27, 0xf1, 0xf5, 0x67, 0x34, 0xe0, 0xe7, 0x12, 0x36, 0xdd, 0xe3,
	0x01, 0x36, 0xdd, 0xe5, 0x00, 0x00, 0x00, 0x00, 0x00, 0x00, 0x00, 0x00,
	0x01, 0x0a, 0x6e, 0xbd, 0x45, 0x0a, 0x6e, 0xbe, 0xe1, 0x08, 0x71, 0xc2,
	0xff, 0x06, 0x76, 0xca, 0xff, 0x08, 0x7c, 0xd0, 0xff, 0x08, 0x81, 0xd6,
	0xff, 0x08, 0x85, 0xd9, 0xff, 0x0a, 0x88, 0xdd, 0xff, 0x0e, 0x87, 0xde,
	0xff, 0x0f, 0x7a, 0xcf, 0xff, 0x0a, 0x5e, 0xb2, 0xff, 0x05, 0x47, 0x9d,
	0xff, 0x03, 0x3e, 0x97, 0xff, 0x04, 0x3b, 0x98, 0xff, 0x04, 0x3e, 0xa1,
	0xff, 0x07, 0x4b, 0xaf, 0xff, 0x09, 0x60, 0xc1, 0xff, 0x10, 0x7f, 0xdf,
	0xff, 0x14, 0x93, 0xf2, 0xff, 0x11, 0x8b, 0xec, 0xff, 0x10, 0x87, 0xe7,
	0xff, 0x13, 0x93, 0xf2, 0xff, 0x12, 0xa2, 0xfd, 0xff, 0x0d, 0xa6, 0xfe,
	0xff, 0x0d, 0x9f, 0xfa, 0xff, 0x1e, 0xa1, 0xf0, 0xff, 0x60, 0xcc, 0xf8,
	0xfd, 0x7a, 0xdc, 0xfc, 0xfc, 0x62, 0xbc, 0xeb, 0xfd, 0x29, 0x7f, 0xc2,
	0xff, 0x0c, 0x63, 0xa8, 0xff, 0x12, 0x65, 0xaa, 0xff, 0x38, 0x7f, 0xbd,
	0xff, 0x58, 0x94, 0xc4, 0xff, 0x56, 0x90, 0xbc, 0xff, 0x53, 0x8d, 0xb7,
	0xff, 0x52, 0x8b, 0xb6, 0xff, 0x54, 0x8b, 0xb7, 0xff, 0x58, 0x8e, 0xba,
	0xff, 0x5d, 0x95, 0xc1, 0xff, 0x62, 0x9e, 0xcb, 0xff, 0x68, 0xa7, 0xd5,
	0xff, 0x6e, 0xb0, 0xdf, 0xff, 0x73, 0xb7, 0xe7, 0xff, 0x77, 0xbd, 0xec,
	0xff, 0x7b, 0xc1, 0xf0, 0xff, 0x7e, 0xc6, 0xf3, 0xff, 0x80, 0xc8, 0xf5,
	0xff, 0x83, 0xcb, 0xf7, 0xff, 0x88, 0xcf, 0xf9, 0xff, 0x8b, 0xd3, 0xfb,
	0xff, 0x8f, 0xd8, 0xfc, 0xff, 0x91, 0xdd, 0xfd, 0xff, 0x94, 0xe0, 0xfe,
	0xff, 0x96, 0xe3, 0xfe, 0xff, 0x98, 0xe5, 0xfe, 0xff, 0x99, 0xe7, 0xfd,
	0xff, 0x98, 0xe9, 0xfd, 0xff, 0x98, 0xec, 0xfc, 0xff, 0x97, 0xee, 0xfb,
	0xff, 0x97, 0xf1, 0xfb, 0xff, 0x98, 0xf4, 0xfb, 0xff, 0x99, 0xf8, 0xfc,
	0xff, 0x9b, 0xfb, 0xfd, 0xff, 0x9b, 0xfd, 0xfe, 0xff, 0x9b, 0xfe, 0xff,
	0xff, 0x6f, 0xdd, 0xed, 0xff, 0x25, 0x9f, 0xcd, 0xff, 0x0a, 0x83, 0xbe,
	0xff, 0x03, 0x78, 0xb8, 0xff, 0x00, 0x76, 0xba, 0xff, 0x00, 0x8f, 0xdc,
	0xff, 0x05, 0xad, 0xf8, 0xff, 0x08, 0xc2, 0xfc, 0xff, 0x09, 0xd8, 0xff,
	0xff, 0x0b, 0xe8, 0xff, 0xff, 0x0e, 0xf3, 0xff, 0xff, 0x0d, 0xf9, 0xff,
	0xff, 0x09, 0xfb, 0xff, 0xff, 0x07, 0xfc, 0xff, 0xff, 0x06, 0xfd, 0xff,
	0xff, 0x0a, 0xff, 0xff, 0xff, 0x11, 0xff, 0xff, 0xfc, 0x19, 0xfd, 0xfe,
	0xee, 0x22, 0xf6, 0xf8, 0x97, 0x2b, 0xea, 0xee, 0x1c, 0x2f, 0xe5, 0xeb,
	0x03, 0x33, 0xdf, 0xe9, 0x00, 0x00, 0x00, 0x00, 0x00, 0x00, 0x00, 0x00,
	0x01, 0x09, 0x74, 0xc8, 0x45, 0x09, 0x75, 0xc9, 0xe1, 0x08, 0x77, 0xcc,
	0xff, 0x07, 0x7d, 0xd3, 0xff, 0x08, 0x82, 0xd8, 0xff, 0x08, 0x88, 0xde,
	0xff, 0x09, 0x8c, 0xe3, 0xff, 0x0c, 0x8c, 0xe4, 0xff, 0x0e, 0x7d, 0xd7,
	0xff, 0x09, 0x5c, 0xb3, 0xff, 0x03, 0x3d, 0x92, 0xff, 0x02, 0x33, 0x8f,
	0xff, 0x04, 0x37, 0x9b, 0xff, 0x06, 0x3a, 0xa3, 0xff, 0x07, 0x3c, 0xab,
	0xff, 0x08, 0x3f, 0xae, 0xff, 0x09, 0x47, 0xb1, 0xff, 0x0e, 0x5a, 0xc0,
	0xff, 0x15, 0x6c, 0xd3, 0xff, 0x10, 0x63, 0xcb, 0xff, 0x0e, 0x60, 0xc7,
	0xff, 0x13, 0x73, 0xdb, 0xff, 0x15, 0x98, 0xf5, 0xff, 0x10, 0xac, 0xff,
	0xff, 0x0f, 0xa7, 0xfd, 0xff, 0x2a, 0xaf, 0xf6, 0xff, 0x6e, 0xdf, 0xfb,
	0xff, 0x82, 0xec, 0xff, 0xff, 0x73, 0xda, 0xfb, 0xff, 0x46, 0x9f, 0xde,
	0xff, 0x17, 0x6c, 0xb2, 0xff, 0x21, 0x70, 0xb1, 0xff, 0x4f, 0x8f, 0xc5,
	0xff, 0x58, 0x93, 0xc0, 0xff, 0x54, 0x8f, 0xba, 0xff, 0x52, 0x8c, 0xb6,
	0xff, 0x53, 0x8b, 0xb6, 0xff, 0x55, 0x8c, 0xb8, 0xff, 0x59, 0x90, 0xbd,
	0xff, 0x5e, 0x98, 0xc5, 0xff, 0x64, 0xa2, 0xd0, 0xff, 0x6a, 0xab, 0xdb,
	0xff, 0x71, 0xb5, 0xe5, 0xff, 0x76, 0xbc, 0xec, 0xff, 0x7b, 0xc3, 0xf2,
	0xff, 0x7f, 0xc7, 0xf5, 0xff, 0x83, 0xcb, 0xf8, 0xff, 0x86, 0xce, 0xf9,
	0xff, 0x89, 0xd0, 0xfb, 0xff, 0x8d, 0xd4, 0xfc, 0xff, 0x8f, 0xd8, 0xfd,
	0xff, 0x93, 0xdd, 0xfd, 0xff, 0x95, 0xe1, 0xfe, 0xff, 0x97, 0xe4, 0xff,
	0xff, 0x99, 0xe8, 0xff, 0xff, 0x9a, 0xea, 0xff, 0xff, 0x9b, 0xec, 0xff,
	0xff, 0x9b, 0xef, 0xfe, 0xff, 0x9b, 0xf1, 0xfd, 0xff, 0x9b, 0xf4, 0xfd,
	0xff, 0x9b, 0xf6, 0xfd, 0xff, 0x9b, 0xf8, 0xfd, 0xff, 0x9c, 0xfb, 0xfd,
	0xff, 0x9d, 0xfd, 0xfe, 0xff, 0x9e, 0xff, 0xff, 0xff, 0x9d, 0xff, 0xff,
	0xff, 0x85, 0xed, 0xf6, 0xff, 0x33, 0xaa, 0xd4, 0xff, 0x0b, 0x85, 0xc1,
	0xff, 0x04, 0x7a, 0xba, 0xff, 0x01, 0x76, 0xb8, 0xff, 0x00, 0x85, 0xcd,
	0xff, 0x03, 0x9a, 0xe3, 0xff, 0x06, 0xb1, 0xec, 0xff, 0x08, 0xce, 0xf8,
	0xff, 0x0b, 0xe2, 0xfc, 0xff, 0x0f, 0xf1, 0xfe, 0xff, 0x0f, 0xfa, 0xff,
	0xff, 0x0b, 0xfd, 0xff, 0xff, 0x08, 0xfe, 0xff, 0xff, 0x07, 0xff, 0xff,
	0xff, 0x09, 0xff, 0xff, 0xff, 0x0f, 0xff, 0xff, 0xfe, 0x17, 0xfe, 0xff,
	0xf7, 0x1d, 0xfb, 0xfc, 0xb1, 0x22, 0xf5, 0xf8, 0x38, 0x2c, 0xea, 0xf0,
	0x06, 0x2f, 0xe6, 0xee, 0x00, 0x00, 0x00, 0x00, 0x00, 0x00, 0x00, 0x00,
	0x01, 0x09, 0x78, 0xcf, 0x45, 0x09, 0x78, 0xcf, 0xe1, 0x09, 0x7b, 0xd2,
	0xff, 0x08, 0x81, 0xd9, 0xff, 0x08, 0x87, 0xde, 0xff, 0x08, 0x8d, 0xe4,
	0xff, 0x09, 0x90, 0xe9, 0xff, 0x0d, 0x87, 0xe3, 0xff, 0x0d, 0x63, 0xbf,
	0xff, 0x06, 0x40, 0x99, 0xff, 0x04, 0x36, 0x92, 0xff, 0x05, 0x39, 0x9f,
	0xff, 0x07, 0x3e, 0xab, 0xff, 0x08, 0x41, 0xb2, 0xff, 0x08, 0x43, 0xb8,
	0xff, 0x08, 0x45, 0xbb, 0xff, 0x09, 0x48, 0xbc, 0xff, 0x0a, 0x4b, 0xbd,
	0xff, 0x0d, 0x50, 0xc3, 0xff, 0x0d, 0x50, 0xc3, 0xff, 0x0c, 0x52, 0xc6,
	0xff, 0x10, 0x5e, 0xd4, 0xff, 0x12, 0x87, 0xee, 0xff, 0x0e, 0xac, 0xfe,
	0xff, 0x11, 0xad, 0xfe, 0xff, 0x3d, 0xc2, 0xfc, 0xff, 0x7b, 0xee, 0xfe,
	0xff, 0x84, 0xf3, 0xff, 0xff, 0x77, 0xe3, 0xfe, 0xff, 0x57, 0xb2, 0xed,
	0xff, 0x27, 0x78, 0xbf, 0xff, 0x38, 0x7f, 0xbd, 0xff, 0x58, 0x95, 0xc6,
	0xff, 0x57, 0x91, 0xbd, 0xff, 0x53, 0x8d, 0xb8, 0xff, 0x52, 0x8b, 0xb5,
	0xff, 0x54, 0x8b, 0xb7, 0xff, 0x56, 0x8d, 0xb9, 0xff, 0x5a, 0x93, 0xbf,
	0xff, 0x60, 0x9b, 0xc9, 0xff, 0x66, 0xa6, 0xd5, 0xff, 0x6d, 0xb0, 0xe0,
	0xff, 0x73, 0xb9, 0xea, 0xff, 0x79, 0xc1, 0xf1, 0xff, 0x7e, 0xc7, 0xf6,
	0xff, 0x83, 0xcc, 0xf9, 0xff, 0x86, 0xd0, 0xfc, 0xff, 0x89, 0xd2, 0xfc,
	0xff, 0x8d, 0xd5, 0xfd, 0xff, 0x91, 0xd8, 0xfe, 0xff, 0x93, 0xdd, 0xfe,
	0xff, 0x96, 0xe1, 0xfe, 0xff, 0x98, 0xe4, 0xfe, 0xff, 0x99, 0xe8, 0xff,
	0xff, 0x9b, 0xeb, 0xff, 0xff, 0x9c, 0xee, 0xff, 0xff, 0x9c, 0xf1, 0xff,
	0xff, 0x9e, 0xf3, 0xff, 0xff, 0x9e, 0xf5, 0xfe, 0xff, 0x9e, 0xf8, 0xfe,
	0xff, 0x9e, 0xfa, 0xfe, 0xff, 0x9e, 0xfb, 0xfe, 0xff, 0x9f, 0xfd, 0xfe,
	0xff, 0xa0, 0xfe, 0xff, 0xff, 0xa1, 0xff, 0xff, 0xff, 0xa1, 0xff, 0xff,
	0xff, 0x96, 0xf6, 0xfb, 0xff, 0x41, 0xb4, 0xda, 0xff, 0x0e, 0x87, 0xc2,
	0xff, 0x04, 0x78, 0xb8, 0xff, 0x00, 0x70, 0xb3, 0xff, 0x00, 0x74, 0xbb,
	0xff, 0x01, 0x7f, 0xc7, 0xff, 0x02, 0x90, 0xd6, 0xff, 0x04, 0xaa, 0xe9,
	0xff, 0x09, 0xc3, 0xf7, 0xff, 0x0e, 0xda, 0xfe, 0xff, 0x0e, 0xe9, 0xff,
	0xff, 0x0a, 0xf2, 0xff, 0xff, 0x08, 0xf9, 0xff, 0xff, 0x08, 0xfc, 0xff,
	0xff, 0x09, 0xff, 0xff, 0xff, 0x0e, 0xff, 0xff, 0xff, 0x15, 0xff, 0xff,
	0xfb, 0x1c, 0xfe, 0xfe, 0xdb, 0x22, 0xf8, 0xfa, 0x6f, 0x2b, 0xed, 0xf3,
	0x0c, 0x2c, 0xec, 0xf2, 0x01, 0x2c, 0xeb, 0xf2, 0x00, 0x00, 0x00, 0x00,
	0x01, 0x09, 0x7c, 0xd4, 0x45, 0x09, 0x7c, 0xd4, 0xe1, 0x09, 0x7f, 0xd6,
	0xff, 0x09, 0x85, 0xdd, 0xff, 0x08, 0x8b, 0xe3, 0xff, 0x09, 0x90, 0xea,
	0xff, 0x0a, 0x92, 0xed, 0xff, 0x0c, 0x7b, 0xd8, 0xff, 0x0a, 0x4c, 0xa8,
	0xff, 0x07, 0x36, 0x94, 0xff, 0x07, 0x3a, 0x9d, 0xff, 0x08, 0x3f, 0xab,
	0xff, 0x08, 0x42, 0xb5, 0xff, 0x08, 0x45, 0xb9, 0xff, 0x08, 0x47, 0xbb,
	0xff, 0x08, 0x4b, 0xc1, 0xff, 0x0a, 0x4c, 0xc6, 0xff, 0x0c, 0x4d, 0xc9,
	0xff, 0x0d, 0x4f, 0xcc, 0xff, 0x0f, 0x51, 0xcf, 0xff, 0x0f, 0x55, 0xd4,
	0xff, 0x11, 0x5d, 0xdc, 0xff, 0x11, 0x82, 0xef, 0xff, 0x0d, 0xad, 0xfe,
	0xff, 0x10, 0xb0, 0xfe, 0xff, 0x4b, 0xcf, 0xff, 0xff, 0x81, 0xf5, 0xff,
	0xff, 0x84, 0xf4, 0xff, 0xff, 0x74, 0xdf, 0xfa, 0xff, 0x52, 0xa3, 0xe1,
	0xff, 0x37, 0x7b, 0xc5, 0xff, 0x4c, 0x8b, 0xc6, 0xff, 0x59, 0x94, 0xc4,
	0xff, 0x56, 0x90, 0xbb, 0xff, 0x52, 0x8c, 0xb7, 0xff, 0x52, 0x8a, 0xb5,
	0xff, 0x54, 0x8b, 0xb7, 0xff, 0x57, 0x8f, 0xbb, 0xff, 0x5c, 0x95, 0xc2,
	0xff, 0x62, 0x9e, 0xcc, 0xff, 0x69, 0xaa, 0xd9, 0xff, 0x70, 0xb4, 0xe5,
	0xff, 0x76, 0xbe, 0xef, 0xff, 0x7c, 0xc5, 0xf6, 0xff, 0x81, 0xcb, 0xfa,
	0xff, 0x85, 0xd1, 0xfd, 0xff, 0x89, 0xd4, 0xfe, 0xff, 0x8c, 0xd7, 0xfe,
	0xff, 0x90, 0xda, 0xff, 0xff, 0x93, 0xdd, 0xff, 0xff, 0x96, 0xe2, 0xff,
	0xff, 0x98, 0xe4, 0xff, 0xff, 0x9a, 0xe8, 0xff, 0xff, 0x9b, 0xeb, 0xff,
	0xff, 0x9d, 0xef, 0xff, 0xff, 0x9e, 0xf2, 0xff, 0xff, 0x9f, 0xf5, 0xff,
	0xff, 0xa0, 0xf7, 0xff, 0xff, 0xa1, 0xf9, 0xff, 0xff, 0xa2, 0xfb, 0xff,
	0xff, 0xa2, 0xfd, 0xff, 0xff, 0xa1, 0xfd, 0xff, 0xff, 0xa2, 0xfe, 0xff,
	0xff, 0xa3, 0xff, 0xff, 0xff, 0xa3, 0xff, 0xff, 0xff, 0xa4, 0xff, 0xff,
	0xff, 0x9e, 0xfb, 0xfd, 0xff, 0x4d, 0xbd, 0xde, 0xff, 0x11, 0x86, 0xc1,
	0xff, 0x03, 0x6e, 0xb2, 0xff, 0x02, 0x69, 0xb2, 0xff, 0x02, 0x70, 0xbd,
	0xff, 0x03, 0x7d, 0xcc, 0xff, 0x01, 0x8b, 0xdd, 0xff, 0x02, 0x9c, 0xee,
	0xff, 0x06, 0xaf, 0xfa, 0xff, 0x0a, 0xc1, 0xff, 0xff, 0x0a, 0xd0, 0xff,
	0xff, 0x08, 0xde, 0xff, 0xff, 0x06, 0xea, 0xff, 0xff, 0x07, 0xf5, 0xff,
	0xff, 0x09, 0xfd, 0xff, 0xff, 0x0d, 0xff, 0xff, 0xff, 0x15, 0xff, 0xff,
	0xfe, 0x1d, 0xff, 0xff, 0xf1, 0x22, 0xfa, 0xfb, 0x8b, 0x28, 0xf2, 0xf7,
	0x0f, 0x29, 0xf0, 0xf6, 0x00, 0x00, 0x00, 0x00, 0x00, 0x00, 0x00, 0x00,
	0x01, 0x08, 0x80, 0xd8, 0x45, 0x08, 0x81, 0xd8, 0xe1, 0x09, 0x83, 0xdb,
	0xff, 0x0a, 0x8a, 0xe2, 0xff, 0x09, 0x90, 0xe9, 0xff, 0x0c, 0x94, 0xf0,
	0xff, 0x0d, 0x8f, 0xef, 0xff, 0x0b, 0x6c, 0xcc, 0xff, 0x09, 0x3f, 0x9f,
	0xff, 0x08, 0x37, 0x9c, 0xff, 0x08, 0x3e, 0xa9, 0xff, 0x08, 0x42, 0xb2,
	0xff, 0x08, 0x44, 0xb9, 0xff, 0x08, 0x48, 0xbb, 0xff, 0x0b, 0x57, 0xc4,
	0xff, 0x0c, 0x6d, 0xd4, 0xff, 0x0e, 0x65, 0xd5, 0xff, 0x0f, 0x54, 0xcf,
	0xff, 0x10, 0x54, 0xd5, 0xff, 0x12, 0x57, 0xdb, 0xff, 0x13, 0x60, 0xe0,
	0xff, 0x14, 0x70, 0xe9, 0xff, 0x13, 0x93, 0xf6, 0xff, 0x0d, 0xb3, 0xff,
	0xff, 0x12, 0xb2, 0xfe, 0xff, 0x52, 0xd5, 0xfe, 0xff, 0x83, 0xf7, 0xff,
	0xff, 0x83, 0xf3, 0xfe, 0xff, 0x6e, 0xd5, 0xf4, 0xff, 0x44, 0x87, 0xcc,
	0xff, 0x3e, 0x78, 0xc1, 0xff, 0x54, 0x8f, 0xc8, 0xff, 0x59, 0x92, 0xc2,
	0xff, 0x56, 0x8e, 0xbb, 0xff, 0x52, 0x8b, 0xb6, 0xff, 0x52, 0x8a, 0xb5,
	0xff, 0x55, 0x8c, 0xb8, 0xff, 0x58, 0x90, 0xbc, 0xff, 0x5d, 0x97, 0xc4,
	0xff, 0x65, 0xa2, 0xd1, 0xff, 0x6d, 0xaf, 0xdf, 0xff, 0x74, 0xb9, 0xeb,
	0xff, 0x7a, 0xc2, 0xf4, 0xff, 0x7e, 0xca, 0xfa, 0xff, 0x83, 0xd0, 0xfd,
	0xff, 0x87, 0xd5, 0xfe, 0xff, 0x8b, 0xd9, 0xff, 0xff, 0x8e, 0xdc, 0xff,
	0xff, 0x91, 0xdf, 0xff, 0xff, 0x95, 0xe2, 0xff, 0xff, 0x98, 0xe6, 0xff,
	0xff, 0x9a, 0xe8, 0xff, 0xff, 0x9c, 0xeb, 0xfe, 0xff, 0x9c, 0xef, 0xff,
	0xff, 0x9d, 0xf3, 0xff, 0xff, 0x9f, 0xf6, 0xff, 0xff, 0xa2, 0xf9, 0xff,
	0xff, 0xa4, 0xfb, 0xff, 0xff, 0xa5, 0xfc, 0xff, 0xff, 0xa6, 0xfd, 0xff,
	0xff, 0xa6, 0xfe, 0xff, 0xff, 0xa5, 0xff, 0xff, 0xff, 0xa5, 0xff, 0xff,
	0xff, 0xa5, 0xff, 0xff, 0xff, 0xa6, 0xff, 0xff, 0xff, 0xa6, 0xff, 0xff,
	0xff, 0xa6, 0xfe, 0xff, 0xff, 0x5c, 0xc8, 0xe2, 0xff, 0x15, 0x80, 0xbc,
	0xff, 0x03, 0x64, 0xb0, 0xff, 0x04, 0x69, 0xbc, 0xff, 0x06, 0x76, 0xce,
	0xff, 0x07, 0x85, 0xe1, 0xff, 0x07, 0x95, 0xf1, 0xff, 0x05, 0xa4, 0xfb,
	0xff, 0x06, 0xb3, 0xfe, 0xff, 0x07, 0xc2, 0xff, 0xff, 0x08, 0xce, 0xff,
	0xff, 0x08, 0xd9, 0xff, 0xff, 0x08, 0xe4, 0xff, 0xff, 0x07, 0xf0, 0xff,
	0xff, 0x07, 0xfb, 0xff, 0xff, 0x0b, 0xff, 0xff, 0xff, 0x15, 0xff, 0xff,
	0xff, 0x1d, 0xff, 0xff, 0xf4, 0x22, 0xfb, 0xfc, 0x8e, 0x27, 0xf6, 0xf8,
	0x10, 0x27, 0xf5, 0xf8, 0x00, 0x00, 0x00, 0x00, 0x00, 0x00, 0x00, 0x00,
	0x01, 0x08, 0x84, 0xdd, 0x45, 0x08, 0x85, 0xdd, 0xe1, 0x0a, 0x88, 0xe0,
	0xff, 0x0b, 0x8d, 0xe6, 0xff, 0x0a, 0x93, 0xed, 0xff, 0x0e, 0x97, 0xf4,
	0xff, 0x0f, 0x8a, 0xed, 0xff, 0x0b, 0x5f, 0xc1, 0xff, 0x09, 0x3c, 0x9d,
	0xff, 0x09, 0x3b, 0xa2, 0xff, 0x09, 0x44, 0xb0, 0xff, 0x0c, 0x4f, 0xbd,
	0xff, 0x0b, 0x55, 0xc4, 0xff, 0x0a, 0x51, 0xbe, 0xff, 0x10, 0x73, 0xd4,
	0xff, 0x12, 0xa0, 0xf0, 0xff, 0x13, 0x8a, 0xe7, 0xff, 0x13, 0x5f, 0xd3,
	0xff, 0x13, 0x5b, 0xdd, 0xff, 0x17, 0x67, 0xeb, 0xff, 0x1a, 0x7d, 0xf2,
	0xff, 0x19, 0x97, 0xf8, 0xff, 0x16, 0xac, 0xfd, 0xff, 0x0f, 0xb6, 0xff,
	0xff, 0x19, 0xb4, 0xff, 0xff, 0x5b, 0xda, 0xff, 0xff, 0x87, 0xf9, 0xff,
	0xff, 0x81, 0xf2, 0xfe, 0xff, 0x69, 0xcc, 0xef, 0xff, 0x3f, 0x7d, 0xc8,
	0xff, 0x42, 0x7a, 0xc4, 0xff, 0x56, 0x91, 0xc7, 0xff, 0x59, 0x91, 0xc0,
	0xff, 0x54, 0x8e, 0xba, 0xff, 0x52, 0x8b, 0xb5, 0xff, 0x53, 0x8a, 0xb5,
	0xff, 0x56, 0x8d, 0xb8, 0xff, 0x5a, 0x92, 0xbe, 0xff, 0x5f, 0x9a, 0xc7,
	0xff, 0x67, 0xa5, 0xd5, 0xff, 0x6f, 0xb2, 0xe4, 0xff, 0x76, 0xbe, 0xf0,
	0xff, 0x7c, 0xc7, 0xf8, 0xff, 0x81, 0xce, 0xfc, 0xff, 0x84, 0xd5, 0xfd,
	0xff, 0x88, 0xda, 0xfd, 0xff, 0x8c, 0xde, 0xff, 0xff, 0x8f, 0xe2, 0xff,
	0xff, 0x93, 0xe5, 0xff, 0xff, 0x96, 0xe8, 0xff, 0xff, 0x99, 0xeb, 0xff,
	0xff, 0x9b, 0xec, 0xff, 0xff, 0x9c, 0xf0, 0xfe, 0xff, 0x9d, 0xf3, 0xfe,
	0xff, 0x9f, 0xf7, 0xff, 0xff, 0xa1, 0xfa, 0xff, 0xff, 0xa5, 0xfc, 0xff,
	0xff, 0xa7, 0xfe, 0xff, 0xff, 0xa9, 0xff, 0xff, 0xff, 0xa9, 0xff, 0xff,
	0xff, 0xa8, 0xff, 0xff, 0xff, 0xa7, 0xff, 0xff, 0xff, 0xa8, 0xff, 0xff,
	0xff, 0xa9, 0xff, 0xff, 0xff, 0xaa, 0xff, 0xff, 0xff, 0xab, 0xff, 0xff,
	0xff, 0xab, 0xff, 0xff, 0xff, 0x6e, 0xd2, 0xe7, 0xff, 0x1d, 0x7d, 0xbc,
	0xff, 0x05, 0x62, 0xb6, 0xff, 0x06, 0x6d, 0xc8, 0xff, 0x08, 0x7b, 0xdb,
	0xff, 0x0a, 0x8a, 0xed, 0xff, 0x0c, 0x98, 0xfb, 0xff, 0x0b, 0xab, 0xff,
	0xff, 0x0a, 0xbd, 0xff, 0xff, 0x09, 0xcd, 0xff, 0xff, 0x0a, 0xda, 0xff,
	0xff, 0x0c, 0xe4, 0xff, 0xff, 0x0c, 0xeb, 0xff, 0xff, 0x0b, 0xf3, 0xff,
	0xff, 0x07, 0xfc, 0xff, 0xff, 0x0a, 0xff, 0xff, 0xff, 0x14, 0xff, 0xff,
	0xff, 0x1d, 0xff, 0xff, 0xf5, 0x22, 0xfd, 0xfd, 0x8e, 0x25, 0xfa, 0xfb,
	0x10, 0x26, 0xf8, 0xf9, 0x01, 0x24, 0xfa, 0xfb, 0x00, 0x00, 0x00, 0x00,
	0x01, 0x09, 0x87, 0xe1, 0x45, 0x09, 0x88, 0xe2, 0xe1, 0x0c, 0x8b, 0xe5,
	0xff, 0x0c, 0x90, 0xeb, 0xff, 0x0b, 0x96, 0xf3, 0xff, 0x0e, 0x99, 0xf7,
	0xff, 0x0d, 0x89, 0xe8, 0xff, 0x0a, 0x5d, 0xba, 0xff, 0x09, 0x40, 0x9f,
	0xff, 0x09, 0x45, 0xa8, 0xff, 0x0b, 0x5d, 0xc2, 0xff, 0x10, 0x80, 0xdc,
	0xff, 0x0f, 0x8c, 0xe4, 0xff, 0x0c, 0x74, 0xd4, 0xff, 0x11, 0x7b, 0xdb,
	0xff, 0x12, 0x97, 0xf0, 0xff, 0x13, 0x83, 0xe8, 0xff, 0x14, 0x61, 0xd9,
	0xff, 0x17, 0x62, 0xe7, 0xff, 0x1b, 0x76, 0xf8, 0xff, 0x22, 0x96, 0xfc,
	0xff, 0x1b, 0xa1, 0xf3, 0xff, 0x12, 0x95, 0xec, 0xff, 0x0e, 0x9d, 0xf6,
	0xff, 0x20, 0xb1, 0xff, 0xff, 0x64, 0xde, 0xff, 0xff, 0x8a, 0xfb, 0xff,
	0xff, 0x80, 0xf1, 0xfe, 0xff, 0x61, 0xbe, 0xee, 0xff, 0x42, 0x83, 0xd6,
	0xff, 0x48, 0x85, 0xcf, 0xff, 0x57, 0x93, 0xc8, 0xff, 0x58, 0x91, 0xbd,
	0xff, 0x53, 0x8d, 0xb8, 0xff, 0x52, 0x8a, 0xb5, 0xff, 0x53, 0x8a, 0xb5,
	0xff, 0x57, 0x8d, 0xb9, 0xff, 0x5b, 0x94, 0xc1, 0xff, 0x61, 0x9d, 0xcb,
	0xff, 0x69, 0xa9, 0xd9, 0xff, 0x72, 0xb6, 0xe9, 0xff, 0x78, 0xc1, 0xf4,
	0xff, 0x7e, 0xcb, 0xfa, 0xff, 0x81, 0xd1, 0xfb, 0xff, 0x83, 0xd3, 0xfa,
	0xff, 0x87, 0xda, 0xfa, 0xff, 0x8d, 0xe3, 0xfe, 0xff, 0x91, 0xe8, 0xff,
	0xff, 0x94, 0xeb, 0xff, 0xff, 0x97, 0xef, 0xff, 0xff, 0x9a, 0xf1, 0xff,
	0xff, 0x9b, 0xf2, 0xff, 0xff, 0x9c, 0xf5, 0xff, 0xff, 0x9d, 0xf9, 0xff,
	0xff, 0xa0, 0xfb, 0xff, 0xff, 0xa3, 0xfd, 0xff, 0xff, 0xa7, 0xfe, 0xff,
	0xff, 0xa9, 0xff, 0xff, 0xff, 0xab, 0xff, 0xff, 0xff, 0xaa, 0xff, 0xff,
	0xff, 0xaa, 0xff, 0xff, 0xff, 0xaa, 0xff, 0xff, 0xff, 0xab, 0xff, 0xff,
	0xff, 0xac, 0xff, 0xff, 0xff, 0xad, 0xff, 0xff, 0xff, 0xad, 0xff, 0xff,
	0xff, 0xad, 0xff, 0xff, 0xff, 0x7f, 0xde, 0xee, 0xff, 0x28, 0x85, 0xc3,
	0xff, 0x0a, 0x64, 0xbc, 0xff, 0x08, 0x70, 0xcf, 0xff, 0x07, 0x7e, 0xe1,
	0xff, 0x08, 0x8d, 0xf4, 0xff, 0x0b, 0x9e, 0xfe, 0xff, 0x0e, 0xb1, 0xff,
	0xff, 0x0e, 0xc3, 0xff, 0xff, 0x0d, 0xd4, 0xff, 0xff, 0x0d, 0xe4, 0xff,
	0xff, 0x0f, 0xef, 0xff, 0xff, 0x0f, 0xf5, 0xff, 0xff, 0x0c, 0xf9, 0xff,
	0xff, 0x08, 0xfd, 0xff, 0xff, 0x09, 0xff, 0xff, 0xff, 0x13, 0xff, 0xff,
	0xff, 0x1c, 0xff, 0xff, 0xf4, 0x21, 0xfd, 0xfe, 0x8e, 0x22, 0xfc, 0xfd,
	0x11, 0x23, 0xfb, 0xfc, 0x02, 0x23, 0xfc, 0xfc, 0x00, 0x00, 0x00, 0x00,
	0x01, 0x0a, 0x8a, 0xe4, 0x45, 0x0a, 0x8b, 0xe5, 0xe1, 0x0c, 0x8d, 0xe8,
	0xff, 0x0d, 0x92, 0xef, 0xff, 0x0c, 0x99, 0xf6, 0xff, 0x0d, 0x9b, 0xfa,
	0xff, 0x0b, 0x8c, 0xe8, 0xff, 0x08, 0x62, 0xbb, 0xff, 0x08, 0x47, 0xa5,
	0xff, 0x0a, 0x56, 0xb6, 0xff, 0x0e, 0x84, 0xdf, 0xff, 0x13, 0xa9, 0xf7,
	0xff, 0x12, 0xaf, 0xf9, 0xff, 0x11, 0x9d, 0xf0, 0xff, 0x12, 0x7f, 0xe1,
	0xff, 0x12, 0x6e, 0xe0, 0xff, 0x13, 0x66, 0xe2, 0xff, 0x16, 0x5e, 0xe3,
	0xff, 0x18, 0x66, 0xf0, 0xff, 0x1e, 0x7a, 0xfc, 0xff, 0x29, 0x95, 0xf7,
	0xff, 0x1d, 0x82, 0xdd, 0xff, 0x0d, 0x6a, 0xd4, 0xff, 0x11, 0x8c, 0xf0,
	0xff, 0x26, 0xb4, 0xff, 0xff, 0x6a, 0xe3, 0xff, 0xff, 0x8c, 0xfc, 0xff,
	0xff, 0x7d, 0xee, 0xfe, 0xff, 0x58, 0xaf, 0xf2, 0xff, 0x46, 0x8d, 0xea,
	0xff, 0x4e, 0x8f, 0xda, 0xff, 0x58, 0x94, 0xc8, 0xff, 0x56, 0x90, 0xbb,
	0xff, 0x52, 0x8c, 0xb7, 0xff, 0x52, 0x8a, 0xb5, 0xff, 0x53, 0x8a, 0xb5,
	0xff, 0x58, 0x8d, 0xb9, 0xff, 0x5e, 0x95, 0xc3, 0xff, 0x65, 0xa0, 0xcf,
	0xff, 0x6c, 0xac, 0xdd, 0xff, 0x74, 0xb7, 0xeb, 0xff, 0x7b, 0xc4, 0xf7,
	0xff, 0x81, 0xd0, 0xfc, 0xff, 0x7f, 0xcc, 0xf5, 0xff, 0x7b, 0xc5, 0xec,
	0xff, 0x83, 0xd4, 0xf4, 0xff, 0x8f, 0xe6, 0xfd, 0xff, 0x94, 0xef, 0xff,
	0xff, 0x96, 0xf2, 0xff, 0xff, 0x99, 0xf5, 0xff, 0xff, 0x9b, 0xf7, 0xff,
	0xff, 0x9c, 0xf8, 0xff, 0xff, 0x9c, 0xfb, 0xff, 0xff, 0x9e, 0xfd, 0xff,
	0xff, 0xa1, 0xfe, 0xff, 0xff, 0xa5, 0xff, 0xff, 0xff, 0xa8, 0xff, 0xff,
	0xff, 0xaa, 0xff, 0xff, 0xff, 0xab, 0xff, 0xff, 0xff, 0xab, 0xff, 0xff,
	0xff, 0xab, 0xff, 0xff, 0xff, 0xac, 0xff, 0xff, 0xff, 0xac, 0xff, 0xff,
	0xff, 0xad, 0xff, 0xff, 0xff, 0xad, 0xff, 0xff, 0xff, 0xad, 0xff, 0xff,
	0xff, 0xad, 0xff, 0xff, 0xff, 0x8f, 0xea, 0xf4, 0xff, 0x35, 0x95, 0xcc,
	0xff, 0x0f, 0x68, 0xc0, 0xff, 0x0c, 0x70, 0xd3, 0xff, 0x09, 0x80, 0xe7,
	0xff, 0x08, 0x92, 0xf8, 0xff, 0x09, 0xa5, 0xff, 0xff, 0x0d, 0xb7, 0xff,
	0xff, 0x11, 0xc8, 0xff, 0xff, 0x13, 0xd8, 0xff, 0xff, 0x11, 0xe8, 0xff,
	0xff, 0x10, 0xf4, 0xff, 0xff, 0x0f, 0xfa, 0xff, 0xff, 0x0b, 0xfc, 0xff,
	0xff, 0x07, 0xfe, 0xff, 0xff, 0x09, 0xff, 0xff, 0xff, 0x11, 0xff, 0xff,
	0xff, 0x1a, 0xff, 0xff, 0xf4, 0x1f, 0xfe, 0xfe, 0x8e, 0x21, 0xfd, 0xfd,
	0x11, 0x21, 0xfd, 0xfd, 0x02, 0x22, 0xfd, 0xfd, 0x00, 0x00, 0x00, 0x00,
	0x01, 0x0a, 0x8c, 0xe7, 0x45, 0x0a, 0x8c, 0xe7, 0xe1, 0x0c, 0x8f, 0xea,
	0xff, 0x0e, 0x95, 0xf2, 0xff, 0x0c, 0x9b, 0xf9, 0xff, 0x0c, 0x9e, 0xfc,
	0xff, 0x09, 0x90, 0xea, 0xff, 0x07, 0x66, 0xbf, 0xff, 0x09, 0x4b, 0xab,
	0xff, 0x0e, 0x64, 0xc3, 0xff, 0x13, 0x9c, 0xef, 0xff, 0x19, 0xad, 0xfc,
	0xff, 0x19, 0x98, 0xf1, 0xff, 0x17, 0x9a, 0xf1, 0xff, 0x16, 0x86, 0xe8,
	0xff, 0x14, 0x62, 0xdc, 0xff, 0x16, 0x5e, 0xe5, 0xff, 0x18, 0x61, 0xec,
	0xff, 0x19, 0x68, 0xf4, 0xff, 0x20, 0x79, 0xfc, 0xff, 0x2b, 0x8a, 0xf2,
	0xff, 0x1d, 0x6e, 0xcf, 0xff, 0x0a, 0x5a, 0xcf, 0xff, 0x0d, 0x82, 0xf0,
	0xff, 0x27, 0xb3, 0xfe, 0xff, 0x70, 0xe6, 0xff, 0xff, 0x8f, 0xfd, 0xff,
	0xff, 0x7c, 0xec, 0xff, 0xff, 0x56, 0xb0, 0xfc, 0xff, 0x4b, 0x9a, 0xf7,
	0xff, 0x51, 0x94, 0xdd, 0xff, 0x58, 0x94, 0xc7, 0xff, 0x55, 0x8f, 0xbb,
	0xff, 0x52, 0x8c, 0xb6, 0xff, 0x52, 0x8a, 0xb5, 0xff, 0x54, 0x8b, 0xb6,
	0xff, 0x59, 0x8f, 0xbb, 0xff, 0x5f, 0x98, 0xc6, 0xff, 0x66, 0xa3, 0xd2,
	0xff, 0x6f, 0xaf, 0xe1, 0xff, 0x78, 0xba, 0xef, 0xff, 0x7f, 0xc7, 0xfa,
	0xff, 0x7d, 0xc8, 0xf3, 0xff, 0x72, 0xb7, 0xe1, 0xff, 0x75, 0xbb, 0xe4,
	0xff, 0x88, 0xda, 0xf5, 0xff, 0x9b, 0xf1, 0xfe, 0xff, 0x9e, 0xf7, 0xff,
	0xff, 0x9c, 0xf8, 0xff, 0xff, 0x9b, 0xfa, 0xff, 0xff, 0x9d, 0xfc, 0xff,
	0xff, 0x9d, 0xfc, 0xff, 0xff, 0x9e, 0xfe, 0xff, 0xff, 0xa1, 0xff, 0xff,
	0xff, 0xa4, 0xff, 0xff, 0xff, 0xa5, 0xff, 0xff, 0xff, 0xa7, 0xff, 0xff,
	0xff, 0xa9, 0xff, 0xff, 0xff, 0xaa, 0xff, 0xff, 0xff, 0xab, 0xff, 0xff,
	0xff, 0xac, 0xff, 0xff, 0xff, 0xad, 0xff, 0xff, 0xff, 0xad, 0xff, 0xff,
	0xff, 0xad, 0xff, 0xff, 0xff, 0xad, 0xff, 0xff, 0xff, 0xad, 0xff, 0xff,
	0xff, 0xad, 0xff, 0xff, 0xff, 0xa1, 0xf6, 0xfb, 0xff, 0x45, 0xaa, 0xd5,
	0xff, 0x14, 0x6f, 0xc5, 0xff, 0x0f, 0x72, 0xd7, 0xff, 0x0b, 0x83, 0xed,
	0xff, 0x07, 0x98, 0xfc, 0xff, 0x07, 0xab, 0xff, 0xff, 0x0c, 0xbd, 0xff,
	0xff, 0x13, 0xcc, 0xff, 0xff, 0x17, 0xdb, 0xff, 0xff, 0x16, 0xe9, 0xff,
	0xff, 0x12, 0xf5, 0xff, 0xff, 0x0d, 0xfc, 0xff, 0xff, 0x09, 0xfe, 0xff,
	0xff, 0x08, 0xff, 0xff, 0xff, 0x0a, 0xff, 0xff, 0xff, 0x11, 0xff, 0xff,
	0xfe, 0x18, 0xff, 0xff, 0xf4, 0x1e, 0xff, 0xfe, 0x8e, 0x21, 0xfe, 0xfd,
	0x11, 0x21, 0xfe, 0xfd, 0x02, 0x21, 0xfd, 0xfd, 0x00, 0x00, 0x00, 0x00,
	0x01, 0x0a, 0x8e, 0xea, 0x45, 0x0a, 0x8e, 0xea, 0xe1, 0x0c, 0x90, 0xed,
	0xff, 0x0e, 0x96, 0xf4, 0xff, 0x0c, 0x9c, 0xfc, 0xff, 0x0c, 0x9f, 0xfd,
	0xff, 0x09, 0x91, 0xeb, 0xff, 0x07, 0x68, 0xc1, 0xff, 0x0a, 0x4e, 0xae,
	0xff, 0x11, 0x6a, 0xc7, 0xff, 0x16, 0xa3, 0xf2, 0xff, 0x1c, 0xae, 0xfc,
	0xff, 0x1e, 0x8d, 0xec, 0xff, 0x1c, 0x97, 0xef, 0xff, 0x1b, 0x8a, 0xea,
	0xff, 0x17, 0x63, 0xdf, 0xff, 0x19, 0x61, 0xe9, 0xff, 0x19, 0x64, 0xef,
	0xff, 0x1a, 0x6b, 0xf7, 0xff, 0x21, 0x7b, 0xfe, 0xff, 0x2c, 0x89, 0xf1,
	0xff, 0x1c, 0x6b, 0xce, 0xff, 0x09, 0x59, 0xd1, 0xff, 0x0a, 0x7c, 0xef,
	0xff, 0x27, 0xb2, 0xfe, 0xff, 0x72, 0xe8, 0xff, 0xff, 0x92, 0xfe, 0xff,
	0xff, 0x7e, 0xee, 0xff, 0xff, 0x5a, 0xb9, 0xff, 0xff, 0x51, 0xa7, 0xfa,
	0xff, 0x53, 0x98, 0xdc, 0xff, 0x58, 0x94, 0xc7, 0xff, 0x54, 0x8f, 0xbb,
	0xff, 0x52, 0x8c, 0xb6, 0xff, 0x52, 0x8a, 0xb5, 0xff, 0x55, 0x8b, 0xb6,
	0xff, 0x5a, 0x90, 0xbb, 0xff, 0x60, 0x99, 0xc6, 0xff, 0x68, 0xa5, 0xd4,
	0xff, 0x72, 0xb2, 0xe3, 0xff, 0x7c, 0xbf, 0xf2, 0xff, 0x82, 0xc8, 0xf8,
	0xff, 0x77, 0xbc, 0xe6, 0xff, 0x6b, 0xac, 0xd8, 0xff, 0x80, 0xc9, 0xeb,
	0xff, 0xa4, 0xee, 0xfb, 0xff, 0xb7, 0xfc, 0xff, 0xff, 0xb7, 0xfd, 0xff,
	0xff, 0xa5, 0xfd, 0xff, 0xff, 0x9c, 0xfe, 0xff, 0xff, 0x9e, 0xff, 0xff,
	0xff, 0xa1, 0xff, 0xff, 0xff, 0xa1, 0xff, 0xff, 0xff, 0xa3, 0xff, 0xff,
	0xff, 0xa5, 0xff, 0xff, 0xff, 0xa5, 0xff, 0xff, 0xff, 0xa7, 0xff, 0xff,
	0xff, 0xa9, 0xff, 0xff, 0xff, 0xab, 0xff, 0xff, 0xff, 0xac, 0xff, 0xff,
	0xff, 0xad, 0xff, 0xff, 0xff, 0xad, 0xff, 0xff, 0xff, 0xad, 0xff, 0xff,
	0xff, 0xae, 0xff, 0xff, 0xff, 0xae, 0xff, 0xff, 0xff, 0xae, 0xff, 0xff,
	0xff, 0xb0, 0xff, 0xff, 0xff, 0xb0, 0xfe, 0xfe, 0xff, 0x57, 0xbd, 0xde,
	0xff, 0x12, 0x77, 0xc7, 0xff, 0x06, 0x70, 0xd6, 0xff, 0x03, 0x81, 0xed,
	0xff, 0x03, 0x98, 0xfd, 0xff, 0x07, 0xae, 0xff, 0xff, 0x0c, 0xc3, 0xff,
	0xff, 0x12, 0xd1, 0xff, 0xff, 0x17, 0xde, 0xff, 0xff, 0x17, 0xeb, 0xff,
	0xff, 0x12, 0xf6, 0xff, 0xff, 0x0c, 0xfc, 0xff, 0xff, 0x09, 0xff, 0xff,
	0xff, 0x08, 0xff, 0xff, 0xff, 0x0c, 0xff, 0xff, 0xff, 0x12, 0xff, 0xff,
	0xfe, 0x17, 0xff, 0xff, 0xf3, 0x1e, 0xff, 0xff, 0x8e, 0x21, 0xfe, 0xfe,
	0x11, 0x21, 0xfe, 0xfe, 0x02, 0x21, 0xfe, 0xfe, 0x00, 0x00, 0x00, 0x00,
	0x01, 0x0a, 0x90, 0xee, 0x45, 0x0a, 0x90, 0xee, 0xe1, 0x0c, 0x93, 0xf1,
	0xff, 0x0f, 0x99, 0xf8, 0xff, 0x0e, 0x9f, 0xfd, 0xff, 0x0e, 0xa2, 0xfd,
	0xff, 0x0a, 0x93, 0xec, 0xff, 0x0a, 0x69, 0xc3, 0xff, 0x0d, 0x50, 0xb0,
	0xff, 0x10, 0x65, 0xc5, 0xff, 0x11, 0x9c, 0xef, 0xff, 0x15, 0xba, 0xfd,
	0xff, 0x14, 0xb8, 0xfa, 0xff, 0x14, 0xaf, 0xfa, 0xff, 0x16, 0x87, 0xe8,
	0xff, 0x17, 0x62, 0xde, 0xff, 0x19, 0x60, 0xe8, 0xff, 0x1b, 0x65, 0xf2,
	0xff, 0x1c, 0x6d, 0xfb, 0xff, 0x23, 0x80, 0xff, 0xff, 0x2e, 0x93, 0xf3,
	0xff, 0x1f, 0x71, 0xd0, 0xff, 0x0f, 0x5e, 0xd4, 0xff, 0x14, 0x8f, 0xf5,
	0xff, 0x2a, 0xbd, 0xff, 0xff, 0x73, 0xe8, 0xff, 0xff, 0x93, 0xfe, 0xff,
	0xff, 0x80, 0xf0, 0xff, 0xff, 0x5e, 0xc1, 0xff, 0xff, 0x57, 0xb1, 0xfa,
	0xff, 0x57, 0xa0, 0xdf, 0xff, 0x59, 0x95, 0xc7, 0xff, 0x55, 0x90, 0xbb,
	0xff, 0x52, 0x8c, 0xb6, 0xff, 0x53, 0x8a, 0xb5, 0xff, 0x56, 0x8b, 0xb6,
	0xff, 0x5b, 0x8f, 0xba, 0xff, 0x60, 0x98, 0xc4, 0xff, 0x68, 0xa5, 0xd3,
	0xff, 0x71, 0xb1, 0xe1, 0xff, 0x7b, 0xbf, 0xf0, 0xff, 0x85, 0xce, 0xfa,
	0xff, 0x83, 0xd1, 0xf7, 0xff, 0x7f, 0xcd, 0xf4, 0xff, 0x95, 0xe3, 0xfa,
	0xff, 0xbc, 0xf9, 0xfe, 0xff, 0xca, 0xff, 0xff, 0xff, 0xb4, 0xff, 0xff,
	0xff, 0xa1, 0xff, 0xff, 0xff, 0x9f, 0xff, 0xff, 0xff, 0xa3, 0xff, 0xff,
	0xff, 0xa4, 0xff, 0xff, 0xff, 0xa4, 0xff, 0xff, 0xff, 0xa5, 0xff, 0xff,
	0xff, 0xa7, 0xff, 0xff, 0xff, 0xa8, 0xff, 0xff, 0xff, 0xaa, 0xff, 0xff,
	0xff, 0xab, 0xff, 0xff, 0xff, 0xac, 0xff, 0xff, 0xff, 0xad, 0xff, 0xff,
	0xff, 0xad, 0xff, 0xff, 0xff, 0xae, 0xff, 0xff, 0xff, 0xae, 0xff, 0xff,
	0xff, 0xaf, 0xff, 0xff, 0xff, 0xb1, 0xff, 0xff, 0xff, 0xb2, 0xff, 0xff,
	0xff, 0xb3, 0xff, 0xff, 0xff, 0xb4, 0xff, 0xff, 0xff, 0x69, 0xcd, 0xe5,
	0xff, 0x18, 0x82, 0xc9, 0xff, 0x03, 0x6e, 0xd2, 0xff, 0x00, 0x7c, 0xe9,
	0xff, 0x01, 0x92, 0xfc, 0xff, 0x07, 0xaa, 0xff, 0xff, 0x0d, 0xc4, 0xff,
	0xff, 0x11, 0xd6, 0xff, 0xff, 0x14, 0xe2, 0xff, 0xff, 0x13, 0xee, 0xff,
	0xff, 0x10, 0xf7, 0xff, 0xff, 0x0c, 0xfc, 0xff, 0xff, 0x09, 0xfe, 0xff,
	0xff, 0x09, 0xff, 0xff, 0xff, 0x0d, 0xff, 0xff, 0xff, 0x13, 0xff, 0xff,
	0xff, 0x18, 0xff, 0xff, 0xf5, 0x1e, 0xff, 0xff, 0x8e, 0x21, 0xff, 0xff,
	0x11, 0x21, 0xff, 0xff, 0x02, 0x21, 0xff, 0xff, 0x00, 0x00, 0x00, 0x00,
	0x01, 0x0a, 0x91, 0xf0, 0x45, 0x0a, 0x92, 0xf1, 0xe1, 0x0c, 0x95, 0xf4,
	0xff, 0x0e, 0x9b, 0xfa, 0xff, 0x0e, 0xa1, 0xfe, 0xff, 0x10, 0xa3, 0xfd,
	0xff, 0x0d, 0x93, 0xed, 0xff, 0x0d, 0x67, 0xc5, 0xff, 0x0f, 0x4d, 0xaf,
	0xff, 0x10, 0x55, 0xbb, 0xff, 0x11, 0x7c, 0xdc, 0xff, 0x17, 0xb0, 0xf8,
	0xff, 0x14, 0xbe, 0xfd, 0xff, 0x10, 0x95, 0xec, 0xff, 0x11, 0x80, 0xe5,
	0xff, 0x15, 0x8d, 0xf1, 0xff, 0x18, 0x7b, 0xed, 0xff, 0x1b, 0x68, 0xeb,
	0xff, 0x1d, 0x71, 0xf9, 0xff, 0x24, 0x8a, 0xff, 0xff, 0x2b, 0xa8, 0xfb,
	0xff, 0x1d, 0x97, 0xeb, 0xff, 0x0e, 0x71, 0xdd, 0xff, 0x11, 0x8b, 0xef,
	0xff, 0x28, 0xba, 0xff, 0xff, 0x72, 0xe7, 0xff, 0xff, 0x94, 0xff, 0xff,
	0xff, 0x83, 0xf6, 0xff, 0xff, 0x63, 0xc9, 0xff, 0xff, 0x59, 0xb6, 0xfb,
	0xff, 0x58, 0xa4, 0xe3, 0xff, 0x59, 0x95, 0xc7, 0xff, 0x56, 0x90, 0xbb,
	0xff, 0x52, 0x8c, 0xb6, 0xff, 0x53, 0x8a, 0xb5, 0xff, 0x57, 0x8b, 0xb6,
	0xff, 0x5b, 0x8f, 0xba, 0xff, 0x5f, 0x97, 0xc3, 0xff, 0x67, 0xa5, 0xd2,
	0xff, 0x71, 0xb4, 0xe2, 0xff, 0x7b, 0xc3, 0xee, 0xff, 0x83, 0xd2, 0xf7,
	0xff, 0x89, 0xdf, 0xfd, 0xff, 0x8d, 0xe9, 0xff, 0xff, 0x9c, 0xf6, 0xff,
	0xff, 0xb1, 0xfd, 0xff, 0xff, 0xab, 0xff, 0xff, 0xff, 0xa0, 0xff, 0xff,
	0xff, 0xa1, 0xff, 0xff, 0xff, 0xa3, 0xff, 0xff, 0xff, 0xa4, 0xff, 0xff,
	0xff, 0xa5, 0xff, 0xff, 0xff, 0xa6, 0xff, 0xff, 0xff, 0xa8, 0xff, 0xff,
	0xff, 0xaa, 0xff, 0xff, 0xff, 0xac, 0xff, 0xff, 0xff, 0xac, 0xff, 0xff,
	0xff, 0xad, 0xff, 0xff, 0xff, 0xae, 0xff, 0xff, 0xff, 0xaf, 0xff, 0xff,
	0xff, 0xaf, 0xff, 0xff, 0xff, 0xb0, 0xff, 0xff, 0xff, 0xb1, 0xff, 0xff,
	0xff, 0xb2, 0xff, 0xff, 0xff, 0xb3, 0xff, 0xff, 0xff, 0xb5, 0xff, 0xff,
	0xff, 0xb5, 0xff, 0xff, 0xff, 0xb5, 0xff, 0xff, 0xff, 0x80, 0xdb, 0xed,
	0xff, 0x20, 0x8c, 0xcb, 0xff, 0x06, 0x6c, 0xcc, 0xff, 0x01, 0x77, 0xe3,
	0xff, 0x03, 0x8c, 0xfa, 0xff, 0x09, 0xa4, 0xff, 0xff, 0x0d, 0xc0, 0xff,
	0xff, 0x10, 0xd7, 0xff, 0xff, 0x10, 0xe7, 0xff, 0xff, 0x10, 0xf2, 0xff,
	0xff, 0x0f, 0xf8, 0xff, 0xff, 0x0b, 0xfc, 0xff, 0xff, 0x08, 0xfe, 0xff,
	0xff, 0x09, 0xff, 0xff, 0xff, 0x0e, 0xff, 0xff, 0xff, 0x14, 0xff, 0xff,
	0xfe, 0x18, 0xff, 0xff, 0xf3, 0x1d, 0xff, 0xff, 0x8e, 0x20, 0xff, 0xff,
	0x10, 0x21, 0xff, 0xff, 0x01, 0x21, 0xff, 0xff, 0x00, 0x00, 0x00, 0x00,
	0x01, 0x09, 0x92, 0xf1, 0x45, 0x0a, 0x93, 0xf1, 0xe1, 0x0c, 0x96, 0xf4,
	0xff, 0x0e, 0x9b, 0xfb, 0xff, 0x0e, 0xa1, 0xfe, 0xff, 0x10, 0xa3, 0xfe,
	0xff, 0x11, 0x92, 0xf0, 0xff, 0x10, 0x64, 0xc8, 0xff, 0x13, 0x49, 0xb1,
	0xff, 0x12, 0x4c, 0xba, 0xff, 0x12, 0x57, 0xc9, 0xff, 0x15, 0x6b, 0xda,
	0xff, 0x14, 0x73, 0xdf, 0xff, 0x14, 0x67, 0xd5, 0xff, 0x19, 0x92, 0xe9,
	0xff, 0x19, 0xc0, 0xfd, 0xff, 0x1c, 0xa2, 0xf3, 0xff, 0x1d, 0x71, 0xe8,
	0xff, 0x1f, 0x70, 0xf7, 0xff, 0x25, 0x86, 0xff, 0xff, 0x28, 0xa6, 0xff,
	0xff, 0x21, 0xc0, 0xfe, 0xff, 0x1a, 0xc0, 0xfd, 0xff, 0x12, 0xbb, 0xfe,
	0xff, 0x24, 0xc0, 0xff, 0xff, 0x6f, 0xe5, 0xff, 0xff, 0x95, 0xfe, 0xff,
	0xff, 0x88, 0xfb, 0xff, 0xff, 0x6d, 0xdd, 0xff, 0xff, 0x5a, 0xba, 0xfc,
	0xff, 0x58, 0xa7, 0xe6, 0xff, 0x5a, 0x96, 0xc8, 0xff, 0x59, 0x91, 0xbc,
	0xff, 0x54, 0x8d, 0xb8, 0xff, 0x53, 0x8a, 0xb5, 0xff, 0x58, 0x8d, 0xb8,
	0xff, 0x5d, 0x94, 0xbf, 0xff, 0x62, 0x9c, 0xc8, 0xff, 0x69, 0xa8, 0xd4,
	0xff, 0x72, 0xb8, 0xe2, 0xff, 0x7a, 0xc7, 0xee, 0xff, 0x83, 0xd4, 0xf7,
	0xff, 0x8b, 0xe3, 0xfd, 0xff, 0x90, 0xec, 0xff, 0xff, 0x96, 0xf4, 0xff,
	0xff, 0x9c, 0xfa, 0xff, 0xff, 0x9e, 0xfe, 0xff, 0xff, 0xa1, 0xff, 0xff,
	0xff, 0xa4, 0xff, 0xff, 0xff, 0xa5, 0xff, 0xff, 0xff, 0xa6, 0xff, 0xff,
	0xff, 0xaa, 0xff, 0xff, 0xff, 0xab, 0xff, 0xff, 0xff, 0xad, 0xfe, 0xff,
	0xff, 0xad, 0xfe, 0xff, 0xff, 0xae, 0xff, 0xff, 0xff, 0xaf, 0xff, 0xff,
	0xff, 0xb0, 0xff, 0xff, 0xff, 0xb1, 0xff, 0xfe, 0xff, 0xb2, 0xff, 0xfe,
	0xff, 0xb2, 0xff, 0xff, 0xff, 0xb3, 0xff, 0xff, 0xff, 0xb4, 0xff, 0xff,
	0xff, 0xb5, 0xff, 0xff, 0xff, 0xb6, 0xff, 0xff, 0xff, 0xb7, 0xff, 0xff,
	0xff, 0xb7, 0xff, 0xff, 0xff, 0xb8, 0xff, 0xff, 0xff, 0x96, 0xe9, 0xf4,
	0xff, 0x2f, 0x9a, 0xcd, 0xff, 0x09, 0x6b, 0xc6, 0xff, 0x04, 0x72, 0xdd,
	0xff, 0x04, 0x87, 0xf7, 0xff, 0x09, 0xa0, 0xff, 0xff, 0x0f, 0xbc, 0xff,
	0xff, 0x11, 0xd6, 0xff, 0xff, 0x11, 0xea, 0xff, 0xff, 0x10, 0xf4, 0xff,
	0xff, 0x0e, 0xf8, 0xff, 0xff, 0x0a, 0xf9, 0xff, 0xff, 0x08, 0xfd, 0xff,
	0xff, 0x09, 0xff, 0xff, 0xff, 0x0e, 0xff, 0xff, 0xff, 0x14, 0xff, 0xff,
	0xff, 0x18, 0xff, 0xff, 0xf4, 0x1d, 0xff, 0xff, 0x8e, 0x20, 0xff, 0xff,
	0x11, 0x21, 0xff, 0xff, 0x02, 0x23, 0xfc, 0xfd, 0x00, 0x00, 0x00, 0x00,
	0x01, 0x08, 0x93, 0xf3, 0x45, 0x09, 0x93, 0xf3, 0xe1, 0x0a, 0x96, 0xf6,
	0xff, 0x0c, 0x9b, 0xfc, 0xff, 0x0d, 0xa2, 0xff, 0xff, 0x11, 0xa6, 0xff,
	0xff, 0x13, 0x9e, 0xf7, 0xff, 0x12, 0x75, 0xd7, 0xff, 0x12, 0x4e, 0xb9,
	0xff, 0x12, 0x4c, 0xc1, 0xff, 0x12, 0x53, 0xcf, 0xff, 0x12, 0x56, 0xd4,
	0xff, 0x15, 0x58, 0xd8, 0xff, 0x18, 0x5c, 0xd7, 0xff, 0x18, 0x7b, 0xe3,
	0xff, 0x17, 0xa4, 0xf5, 0xff, 0x1a, 0x90, 0xf1, 0xff, 0x1c, 0x6d, 0xe8,
	0xff, 0x1f, 0x6a, 0xf4, 0xff, 0x21, 0x73, 0xfc, 0xff, 0x25, 0x85, 0xfe,
	0xff, 0x24, 0xa3, 0xff, 0xff, 0x1e, 0xc0, 0xff, 0xff, 0x14, 0xcd, 0xff,
	0xff, 0x1f, 0xc7, 0xff, 0xff, 0x6a, 0xe5, 0xff, 0xff, 0x96, 0xfe, 0xff,
	0xff, 0x8a, 0xfd, 0xff, 0xff, 0x75, 0xeb, 0xff, 0xff, 0x58, 0xbb, 0xfd,
	0xff, 0x56, 0xa8, 0xea, 0xff, 0x5a, 0x97, 0xcc, 0xff, 0x59, 0x91, 0xbf,
	0xff, 0x56, 0x8e, 0xb9, 0xff, 0x55, 0x8b, 0xb5, 0xff, 0x5a, 0x8e, 0xb9,
	0xff, 0x5e, 0x97, 0xc1, 0xff, 0x63, 0xa0, 0xcb, 0xff, 0x6b, 0xad, 0xd7,
	0xff, 0x75, 0xbc, 0xe3, 0xff, 0x7e, 0xcc, 0xef, 0xff, 0x86, 0xda, 0xf8,
	0xff, 0x8d, 0xe6, 0xfe, 0xff, 0x92, 0xee, 0xff, 0xff, 0x96, 0xf6, 0xff,
	0xff, 0x9a, 0xfd, 0xff, 0xff, 0xa0, 0xff, 0xff, 0xff, 0xa4, 0xff, 0xff,
	0xff, 0xa5, 0xff, 0xff, 0xff, 0xa9, 0xff, 0xff, 0xff, 0xb2, 0xff, 0xff,
	0xff, 0xb2, 0xff, 0xff, 0xff, 0xb1, 0xfe, 0xfe, 0xff, 0xb0, 0xfe, 0xfe,
	0xff, 0xb0, 0xfe, 0xff, 0xff, 0xb1, 0xfe, 0xff, 0xff, 0xb2, 0xff, 0xff,
	0xff, 0xb2, 0xff, 0xff, 0xff, 0xb3, 0xff, 0xfe, 0xff, 0xb3, 0xff, 0xfe,
	0xff, 0xb4, 0xff, 0xff, 0xff, 0xb5, 0xff, 0xff, 0xff, 0xb6, 0xff, 0xff,
	0xff, 0xb6, 0xff, 0xff, 0xff, 0xb7, 0xff, 0xff, 0xff, 0xb8, 0xff, 0xff,
	0xff, 0xbb, 0xff, 0xff, 0xff, 0xbd, 0xff, 0xff, 0xff, 0xac, 0xf5, 0xf9,
	0xff, 0x3e, 0xa6, 0xd1, 0xff, 0x09, 0x6c, 0xca, 0xff, 0x01, 0x71, 0xdc,
	0xff, 0x01, 0x84, 0xf3, 0xff, 0x05, 0x9b, 0xfe, 0xff, 0x0e, 0xb4, 0xff,
	0xff, 0x15, 0xcd, 0xff, 0xff, 0x14, 0xe4, 0xff, 0xff, 0x11, 0xf1, 0xff,
	0xff, 0x0d, 0xf7, 0xff, 0xff, 0x0a, 0xf8, 0xff, 0xff, 0x08, 0xfb, 0xff,
	0xff, 0x0a, 0xfe, 0xff, 0xff, 0x0e, 0xff, 0xff, 0xff, 0x14, 0xff, 0xff,
	0xfe, 0x1a, 0xff, 0xff, 0xf2, 0x1d, 0xff, 0xff, 0x8d, 0x21, 0xfd, 0xff,
	0x13, 0x27, 0xf4, 0xf8, 0x04, 0x3f, 0xd1, 0xdf, 0x00, 0x00, 0x00, 0x00,
	0x01, 0x0d, 0x94, 0xf3, 0x45, 0x0d, 0x94, 0xf4, 0xe1, 0x0e, 0x97, 0xf8,
	0xff, 0x0d, 0x9d, 0xfe, 0xff, 0x0c, 0xa3, 0xff, 0xff, 0x0e, 0xa7, 0xff,
	0xff, 0x10, 0xa5, 0xfb, 0xff, 0x11, 0x84, 0xdf, 0xff, 0x11, 0x52, 0xb7,
	0xff, 0x12, 0x4b, 0xb6, 0xff, 0x16, 0x55, 0xc7, 0xff, 0x19, 0x5b, 0xd5,
	0xff, 0x19, 0x5d, 0xdd, 0xff, 0x19, 0x5f, 0xdf, 0xff, 0x19, 0x5e, 0xde,
	0xff, 0x19, 0x60, 0xe1, 0xff, 0x1a, 0x62, 0xe5, 0xff, 0x1c, 0x66, 0xec,
	0xff, 0x1f, 0x69, 0xf4, 0xff, 0x20, 0x6b, 0xf6, 0xff, 0x22, 0x71, 0xfa,
	0xff, 0x25, 0x80, 0xfd, 0xff, 0x1f, 0xa4, 0xff, 0xff, 0x12, 0xc7, 0xff,
	0xff, 0x19, 0xc5, 0xff, 0xff, 0x63, 0xe3, 0xff, 0xff, 0x97, 0xfd, 0xff,
	0xff, 0x8e, 0xfe, 0xff, 0xff, 0x7a, 0xf1, 0xff, 0xff, 0x5d, 0xc1, 0xfd,
	0xff, 0x57, 0xab, 0xee, 0xff, 0x5a, 0x9a, 0xd0, 0xff, 0x5a, 0x92, 0xc1,
	0xff, 0x58, 0x8f, 0xba, 0xff, 0x56, 0x8c, 0xb6, 0xff, 0x5a, 0x90, 0xbb,
	0xff, 0x5f, 0x99, 0xc4, 0xff, 0x64, 0xa2, 0xce, 0xff, 0x6c, 0xaf, 0xda,
	0xff, 0x77, 0xbf, 0xe6, 0xff, 0x81, 0xd0, 0xf0, 0xff, 0x88, 0xdd, 0xf8,
	0xff, 0x8e, 0xe8, 0xfd, 0xff, 0x92, 0xf1, 0xff, 0xff, 0x97, 0xf8, 0xff,
	0xff, 0x9c, 0xfd, 0xff, 0xff, 0xa2, 0xff, 0xff, 0xff, 0xa4, 0xff, 0xff,
	0xff, 0xa8, 0xff, 0xff, 0xff, 0xb2, 0xff, 0xff, 0xff, 0xb5, 0xff, 0xff,
	0xff, 0xb5, 0xff, 0xff, 0xff, 0xb4, 0xfe, 0xfe, 0xff, 0xb3, 0xfd, 0xfe,
	0xff, 0xb3, 0xfe, 0xfe, 0xff, 0xb4, 0xfe, 0xff, 0xff, 0xb4, 0xff, 0xff,
	0xff, 0xb4, 0xff, 0xff, 0xff, 0xb4, 0xff, 0xff, 0xff, 0xb5, 0xff, 0xfe,
	0xff, 0xb5, 0xff, 0xfe, 0xff, 0xb5, 0xff, 0xff, 0xff, 0xb6, 0xff, 0xff,
	0xff, 0xb8, 0xff, 0xff, 0xff, 0xb9, 0xff, 0xff, 0xff, 0xbb, 0xff, 0xff,
	0xff, 0xbd, 0xff, 0xff, 0xff, 0xbd, 0xff, 0xff, 0xff, 0xbd, 0xff, 0xff,
	0xff, 0x52, 0xb3, 0xd9, 0xff, 0x0a, 0x6f, 0xc8, 0xff, 0x00, 0x6e, 0xda,
	0xff, 0x00, 0x7f, 0xf1, 0xff, 0x01, 0x93, 0xfe, 0xff, 0x08, 0xa9, 0xff,
	0xff, 0x11, 0xc0, 0xff, 0xff, 0x17, 0xd7, 0xff, 0xff, 0x13, 0xe9, 0xff,
	0xff, 0x0d, 0xf3, 0xff, 0xff, 0x09, 0xf5, 0xff, 0xff, 0x08, 0xf8, 0xff,
	0xff, 0x09, 0xfd, 0xff, 0xff, 0x0e, 0xff, 0xff, 0xff, 0x14, 0xff, 0xff,
	0xfd, 0x1a, 0xff, 0xff, 0xea, 0x1e, 0xfd, 0xfe, 0x8a, 0x26, 0xf5, 0xf9,
	0x1a, 0x3c, 0xd7, 0xe3, 0x02, 0x3e, 0xd4, 0xe2, 0x00, 0x00, 0x00, 0x00,
	0x01, 0x0e, 0x91, 0xf3, 0x45, 0x0e, 0x92, 0xf4, 0xe1, 0x0d, 0x96, 0xf7,
	0xff, 0x0b, 0x9d, 0xfd, 0xff, 0x0b, 0xa2, 0xff, 0xff, 0x0d, 0xa7, 0xff,
	0xff, 0x0c, 0xaa, 0xff, 0xff, 0x11, 0x9b, 0xf2, 0xff, 0x14, 0x6a, 0xcb,
	0xff, 0x11, 0x4e, 0xb5, 0xff, 0x13, 0x52, 0xbf, 0xff, 0x17, 0x5a, 0xd2,
	0xff, 0x19, 0x5d, 0xdc, 0xff, 0x19, 0x5f, 0xe0, 0xff, 0x19, 0x63, 0xe4,
	0xff, 0x19, 0x65, 0xe6, 0xff, 0x19, 0x66, 0xe9, 0xff, 0x1b, 0x68, 0xec,
	0xff, 0x1d, 0x69, 0xed, 0xff, 0x20, 0x6c, 0xf0, 0xff, 0x22, 0x70, 0xf6,
	0xff, 0x25, 0x7b, 0xfc, 0xff, 0x21, 0xa1, 0xff, 0xff, 0x14, 0xc7, 0xff,
	0xff, 0x1a, 0xc9, 0xff, 0xff, 0x5f, 0xe3, 0xff, 0xff, 0x96, 0xfc, 0xff,
	0xff, 0x90, 0xff, 0xff, 0xff, 0x80, 0xf8, 0xff, 0xff, 0x67, 0xd0, 0xfb,
	0xff, 0x4f, 0xa7, 0xe6, 0xff, 0x54, 0x96, 0xce, 0xff, 0x5a, 0x94, 0xc3,
	0xff, 0x59, 0x90, 0xbb, 0xff, 0x57, 0x8d, 0xb7, 0xff, 0x5a, 0x91, 0xbc,
	0xff, 0x60, 0x9b, 0xc6, 0xff, 0x66, 0xa5, 0xd1, 0xff, 0x6e, 0xb1, 0xdd,
	0xff, 0x78, 0xc2, 0xe9, 0xff, 0x81, 0xd2, 0xf2, 0xff, 0x88, 0xdf, 0xf9,
	0xff, 0x8e, 0xea, 0xfd, 0xff, 0x92, 0xf3, 0xff, 0xff, 0x97, 0xfa, 0xff,
	0xff, 0x9d, 0xfd, 0xff, 0xff, 0xa2, 0xff, 0xff, 0xff, 0xa5, 0xff, 0xff,
	0xff, 0xae, 0xff, 0xff, 0xff, 0xb4, 0xff, 0xff, 0xff, 0xb5, 0xff, 0xff,
	0xff, 0xb5, 0xff, 0xff, 0xff, 0xb5, 0xff, 0xff, 0xff, 0xb4, 0xfe, 0xfe,
	0xff, 0xb4, 0xfe, 0xfe, 0xff, 0xb5, 0xff, 0xff, 0xff, 0xb5, 0xff, 0xff,
	0xff, 0xb5, 0xff, 0xff, 0xff, 0xb5, 0xff, 0xff, 0xff, 0xb5, 0xff, 0xff,
	0xff, 0xb5, 0xfe, 0xfe, 0xff, 0xb5, 0xff, 0xff, 0xff, 0xb6, 0xff, 0xff,
	0xff, 0xb9, 0xff, 0xff, 0xff, 0xbb, 0xff, 0xff, 0xff, 0xbd, 0xff, 0xff,
	0xff, 0xbd, 0xff, 0xff, 0xff, 0xbe, 0xff, 0xff, 0xff, 0xbd, 0xff, 0xff,
	0xff, 0x66, 0xc3, 0xe0, 0xff, 0x10, 0x73, 0xc4, 0xff, 0x00, 0x6b, 0xd6,
	0xff, 0x00, 0x7c, 0xee, 0xff, 0x01, 0x8f, 0xfd, 0xff, 0x06, 0xa5, 0xff,
	0xff, 0x0e, 0xbb, 0xff, 0xff, 0x14, 0xcf, 0xff, 0xff, 0x13, 0xe0, 0xff,
	0xff, 0x0d, 0xec, 0xff, 0xff, 0x09, 0xf1, 0xff, 0xff, 0x08, 0xf6, 0xff,
	0xff, 0x09, 0xfd, 0xff, 0xff, 0x0d, 0xff, 0xff, 0xff, 0x13, 0xff, 0xff,
	0xfa, 0x1b, 0xfe, 0xfe, 0xce, 0x23, 0xf6, 0xf8, 0x5d, 0x2e, 0xe9, 0xee,
	0x0a, 0x2e, 0xea, 0xf0, 0x02, 0x3c, 0xd4, 0xe2, 0x00, 0x00, 0x00, 0x00,
	0x01, 0x0c, 0x93, 0xf3, 0x45, 0x0c, 0x94, 0xf3, 0xe1, 0x0c, 0x97, 0xf8,
	0xff, 0x0c, 0x9d, 0xfe, 0xff, 0x0d, 0xa3, 0xff, 0xff, 0x0e, 0xa8, 0xff,
	0xff, 0x10, 0xae, 0xff, 0xff, 0x15, 0xaa, 0xfc, 0xff, 0x17, 0x8e, 0xe8,
	0xff, 0x13, 0x64, 0xc6, 0xff, 0x11, 0x52, 0xb9, 0xff, 0x14, 0x55, 0xc8,
	0xff, 0x18, 0x5c, 0xd6, 0xff, 0x19, 0x5f, 0xdd, 0xff, 0x19, 0x62, 0xe3,
	0xff, 0x1a, 0x65, 0xe4, 0xff, 0x1c, 0x68, 0xe2, 0xff, 0x1f, 0x6e, 0xe3,
	0xff, 0x22, 0x74, 0xe6, 0xff, 0x21, 0x73, 0xe7, 0xff, 0x21, 0x75, 0xed,
	0xff, 0x25, 0x88, 0xf8, 0xff, 0x22, 0xb0, 0xfe, 0xff, 0x18, 0xca, 0xff,
	0xff, 0x1b, 0xc7, 0xff, 0xff, 0x4f, 0xda, 0xff, 0xff, 0x8d, 0xf7, 0xff,
	0xff, 0x91, 0xff, 0xff, 0xff, 0x84, 0xfa, 0xfe, 0xff, 0x69, 0xd8, 0xf1,
	0xff, 0x2f, 0x8a, 0xc3, 0xff, 0x3d, 0x84, 0xbf, 0xff, 0x59, 0x94, 0xc6,
	0xff, 0x5a, 0x92, 0xbc, 0xff, 0x59, 0x8d, 0xb8, 0xff, 0x5b, 0x91, 0xbc,
	0xff, 0x61, 0x9c, 0xc9, 0xff, 0x68, 0xa8, 0xd6, 0xff, 0x6f, 0xb5, 0xe2,
	0xff, 0x79, 0xc4, 0xee, 0xff, 0x81, 0xd2, 0xf6, 0xff, 0x88, 0xde, 0xfc,
	0xff, 0x8e, 0xea, 0xfe, 0xff, 0x94, 0xf3, 0xff, 0xff, 0x99, 0xf9, 0xff,
	0xff, 0x9e, 0xfd, 0xff, 0xff, 0xa4, 0xff, 0xff, 0xff, 0xaa, 0xff, 0xff,
	0xff, 0xb1, 0xff, 0xff, 0xff, 0xb5, 0xff, 0xff, 0xff, 0xb6, 0xff, 0xff,
	0xff, 0xb5, 0xff, 0xff, 0xff, 0xb5, 0xff, 0xff, 0xff, 0xb5, 0xff, 0xff,
	0xff, 0xb5, 0xff, 0xff, 0xff, 0xb5, 0xff, 0xff, 0xff, 0xb5, 0xff, 0xff,
	0xff, 0xb5, 0xff, 0xff, 0xff, 0xb5, 0xff, 0xff, 0xff, 0xb5, 0xff, 0xff,
	0xff, 0xb5, 0xfe, 0xfe, 0xff, 0xb6, 0xfe, 0xfe, 0xff, 0xb7, 0xff, 0xff,
	0xff, 0xb9, 0xff, 0xff, 0xff, 0xbc, 0xff, 0xff, 0xff, 0xbf, 0xff, 0xff,
	0xff, 0xc0, 0xff, 0xff, 0xff, 0xc2, 0xff, 0xff, 0xff, 0xbe, 0xff, 0xff,
	0xff, 0x76, 0xd1, 0xe8, 0xff, 0x15, 0x7b, 0xc1, 0xff, 0x00, 0x6b, 0xd2,
	0xff, 0x00, 0x7a, 0xea, 0xff, 0x01, 0x8c, 0xfc, 0xff, 0x05, 0xa2, 0xff,
	0xff, 0x0c, 0xb6, 0xff, 0xff, 0x10, 0xca, 0xff, 0xff, 0x10, 0xda, 0xff,
	0xff, 0x0b, 0xe7, 0xff, 0xff, 0x08, 0xef, 0xff, 0xff, 0x08, 0xf5, 0xff,
	0xff, 0x09, 0xfc, 0xff, 0xff, 0x0d, 0xff, 0xff, 0xfd, 0x13, 0xfe, 0xfe,
	0xef, 0x1d, 0xf9, 0xfa, 0x98, 0x27, 0xf0, 0xf3, 0x1e, 0x2c, 0xec, 0xf0,
	0x04, 0x31, 0xe5, 0xec, 0x00, 0x00, 0x00, 0x00, 0x00, 0x00, 0x00, 0x00,
	0x01, 0x09, 0x93, 0xf1, 0x45, 0x09, 0x93, 0xf2, 0xe1, 0x0a, 0x95, 0xf7,
	0xff, 0x0c, 0x9b, 0xfe, 0xff, 0x0f, 0xa2, 0xff, 0xff, 0x10, 0xa9, 0xff,
	0xff, 0x11, 0xae, 0xff, 0xff, 0x14, 0xb0, 0xff, 0xff, 0x15, 0xa9, 0xfa,
	0xff, 0x15, 0x8c, 0xe3, 0xff, 0x13, 0x68, 0xc4, 0xff, 0x13, 0x58, 0xbf,
	0xff, 0x17, 0x5a, 0xca, 0xff, 0x19, 0x5d, 0xd4, 0xff, 0x19, 0x5f, 0xdc,
	0xff, 0x1a, 0x66, 0xe0, 0xff, 0x1c, 0x73, 0xe0, 0xff, 0x21, 0x8b, 0xe9,
	0xff, 0x26, 0x9e, 0xf3, 0xff, 0x22, 0x8f, 0xec, 0xff, 0x22, 0x8b, 0xeb,
	0xff, 0x25, 0xa4, 0xf7, 0xff, 0x21, 0xc5, 0xfe, 0xff, 0x16, 0xcc, 0xff,
	0xff, 0x17, 0xc4, 0xff, 0xff, 0x3d, 0xce, 0xff, 0xff, 0x83, 0xf0, 0xff,
	0xff, 0x93, 0xfd, 0xff, 0xff, 0x82, 0xf2, 0xfa, 0xff, 0x57, 0xbf, 0xe1,
	0xff, 0x22, 0x7a, 0xb8, 0xff, 0x2a, 0x77, 0xb5, 0xff, 0x54, 0x91, 0xc5,
	0xff, 0x5a, 0x93, 0xbe, 0xff, 0x5a, 0x8e, 0xba, 0xff, 0x5b, 0x91, 0xbc,
	0xff, 0x61, 0x9c, 0xca, 0xff, 0x6a, 0xaa, 0xd9, 0xff, 0x72, 0xb9, 0xe8,
	0xff, 0x7a, 0xc7, 0xf4, 0xff, 0x81, 0xd3, 0xfb, 0xff, 0x89, 0xdf, 0xfe,
	0xff, 0x8e, 0xea, 0xff, 0xff, 0x94, 0xf2, 0xff, 0xff, 0x99, 0xf9, 0xff,
	0xff, 0x9f, 0xfd, 0xff, 0xff, 0xa6, 0xff, 0xff, 0xff, 0xad, 0xff, 0xff,
	0xff, 0xb2, 0xff, 0xff, 0xff, 0xb5, 0xff, 0xff, 0xff, 0xb5, 0xff, 0xff,
	0xff, 0xb5, 0xff, 0xff, 0xff, 0xb5, 0xff, 0xff, 0xff, 0xb5, 0xff, 0xff,
	0xff, 0xb5, 0xff, 0xff, 0xff, 0xb5, 0xff, 0xff, 0xff, 0xb5, 0xff, 0xff,
	0xff, 0xb5, 0xff, 0xff, 0xff, 0xb5, 0xff, 0xff, 0xff, 0xb5, 0xff, 0xff,
	0xff, 0xb6, 0xfe, 0xfe, 0xff, 0xb7, 0xfe, 0xfe, 0xff, 0xb8, 0xfe, 0xfe,
	0xff, 0xbb, 0xff, 0xff, 0xff, 0xbe, 0xff, 0xff, 0xff, 0xc1, 0xff, 0xff,
	0xff, 0xc4, 0xff, 0xff, 0xff, 0xc4, 0xff, 0xff, 0xff, 0xbf, 0xff, 0xff,
	0xff, 0x87, 0xe0, 0xef, 0xff, 0x1a, 0x85, 0xc3, 0xff, 0x01, 0x6b, 0xcd,
	0xff, 0x00, 0x78, 0xe6, 0xff, 0x00, 0x8a, 0xfa, 0xff, 0x02, 0x9f, 0xff,
	0xff, 0x08, 0xb2, 0xff, 0xff, 0x0b, 0xc5, 0xff, 0xff, 0x0b, 0xd6, 0xff,
	0xff, 0x09, 0xe5, 0xff, 0xff, 0x08, 0xef, 0xff, 0xff, 0x09, 0xf5, 0xff,
	0xff, 0x0b, 0xfb, 0xff, 0xfe, 0x0f, 0xfe, 0xff, 0xf5, 0x13, 0xfc, 0xfd,
	0xcc, 0x1e, 0xf2, 0xf5, 0x68, 0x31, 0xe0, 0xe8, 0x10, 0x32, 0xe0, 0xe8,
	0x01, 0x30, 0xe3, 0xea, 0x00, 0x00, 0x00, 0x00, 0x00, 0x00, 0x00, 0x00,
	0x01, 0x0a, 0x92, 0xf2, 0x45, 0x0a, 0x92, 0xf2, 0xe1, 0x0a, 0x94, 0xf6,
	0xff, 0x0b, 0x9a, 0xfc, 0xff, 0x0c, 0xa1, 0xff, 0xff, 0x0d, 0xa7, 0xff,
	0xff, 0x0e, 0xac, 0xff, 0xff, 0x11, 0xb0, 0xff, 0xff, 0x14, 0xb1, 0xff,
	0xff, 0x19, 0xac, 0xfa, 0xff, 0x18, 0x97, 0xea, 0xff, 0x16, 0x7e, 0xd9,
	0xff, 0x15, 0x71, 0xd3, 0xff, 0x17, 0x6d, 0xd7, 0xff, 0x18, 0x72, 0xde,
	0xff, 0x19, 0x84, 0xe7, 0xff, 0x1a, 0x9f, 0xf1, 0xff, 0x1c, 0xbc, 0xfb,
	0xff, 0x1e, 0xcb, 0xfe, 0xff, 0x1d, 0xc4, 0xfc, 0xff, 0x20, 0xc2, 0xfb,
	0xff, 0x1f, 0xc8, 0xfd, 0xff, 0x19, 0xd0, 0xff, 0xff, 0x13, 0xcd, 0xff,
	0xff, 0x14, 0xc4, 0xff, 0xfe, 0x32, 0xc9, 0xff, 0xfe, 0x7a, 0xeb, 0xff,
	0xfd, 0x92, 0xf9, 0xfd, 0xfd, 0x76, 0xde, 0xee, 0xfe, 0x37, 0x96, 0xc6,
	0xff, 0x13, 0x6b, 0xac, 0xff, 0x1b, 0x6c, 0xae, 0xff, 0x43, 0x86, 0xbf,
	0xff, 0x59, 0x93, 0xc2, 0xff, 0x5a, 0x8f, 0xbc, 0xff, 0x5b, 0x90, 0xbb,
	0xff, 0x61, 0x9a, 0xc7, 0xff, 0x6a, 0xaa, 0xd9, 0xff, 0x72, 0xb9, 0xea,
	0xff, 0x7b, 0xc7, 0xf7, 0xff, 0x82, 0xd4, 0xfd, 0xff, 0x89, 0xe0, 0xff,
	0xff, 0x8e, 0xea, 0xff, 0xff, 0x94, 0xf3, 0xff, 0xff, 0x9a, 0xf9, 0xff,
	0xff, 0xa1, 0xfc, 0xff, 0xff, 0xa8, 0xff, 0xff, 0xff, 0xae, 0xff, 0xff,
	0xff, 0xb2, 0xff, 0xff, 0xff, 0xb5, 0xff, 0xff, 0xff, 0xb5, 0xff, 0xff,
	0xff, 0xb5, 0xff, 0xff, 0xff, 0xb5, 0xff, 0xff, 0xff, 0xb5, 0xff, 0xff,
	0xff, 0xb5, 0xff, 0xff, 0xff, 0xb5, 0xff, 0xff, 0xff, 0xb5, 0xff, 0xff,
	0xff, 0xb5, 0xff, 0xff, 0xff, 0xb5, 0xff, 0xff, 0xff, 0xb6, 0xff, 0xff,
	0xff, 0xb7, 0xfe, 0xfe, 0xff, 0xb8, 0xfe, 0xfe, 0xff, 0xbb, 0xfe, 0xfe,
	0xff, 0xbe, 0xff, 0xff, 0xff, 0xc1, 0xff, 0xff, 0xff, 0xc3, 0xff, 0xff,
	0xff, 0xc4, 0xff, 0xff, 0xff, 0xc5, 0xff, 0xff, 0xff, 0xbf, 0xff, 0xff,
	0xff, 0x91, 0xe8, 0xf3, 0xff, 0x1e, 0x90, 0xc8, 0xff, 0x02, 0x6e, 0xc9,
	0xff, 0x00, 0x75, 0xe3, 0xff, 0x00, 0x87, 0xf8, 0xff, 0x01, 0x9b, 0xff,
	0xff, 0x03, 0xad, 0xff, 0xff, 0x07, 0xbf, 0xff, 0xff, 0x08, 0xd2, 0xff,
	0xff, 0x08, 0xe3, 0xff, 0xff, 0x09, 0xee, 0xff, 0xff, 0x0b, 0xf5, 0xff,
	0xff, 0x0e, 0xfb, 0xff, 0xfb, 0x11, 0xfc, 0xfe, 0xdc, 0x15, 0xf7, 0xf9,
	0x7d, 0x1f, 0xed, 0xf1, 0x1d, 0x26, 0xe6, 0xed, 0x05, 0x33, 0xdb, 0xe5,
	0x01, 0x33, 0xdd, 0xe7, 0x00, 0x00, 0x00, 0x00, 0x00, 0x00, 0x00, 0x00,
	0x01, 0x0e, 0x8f, 0xed, 0x45, 0x0e, 0x8f, 0xee, 0xe1, 0x0e, 0x93, 0xf4,
	0xff, 0x0c, 0x9a, 0xfd, 0xff, 0x0b, 0xa1, 0xff, 0xff, 0x0a, 0xa7, 0xff,
	0xff, 0x0d, 0xab, 0xff, 0xff, 0x0f, 0xae, 0xff, 0xff, 0x11, 0xb1, 0xff,
	0xff, 0x15, 0xb5, 0xff, 0xff, 0x16, 0xb6, 0xfe, 0xff, 0x14, 0xb1, 0xfb,
	0xff, 0x12, 0xa8, 0xf5, 0xff, 0x14, 0xa1, 0xf3, 0xff, 0x17, 0xa7, 0xf7,
	0xff, 0x17, 0xba, 0xfd, 0xff, 0x17, 0xcc, 0xff, 0xff, 0x16, 0xd2, 0xff,
	0xff, 0x14, 0xd3, 0xff, 0xff, 0x14, 0xd3, 0xff, 0xff, 0x16, 0xd4, 0xff,
	0xff, 0x15, 0xd2, 0xff, 0xff, 0x12, 0xd0, 0xff, 0xff, 0x0f, 0xca, 0xff,
	0xfe, 0x12, 0xc1, 0xff, 0xfa, 0x2c, 0xc3, 0xff, 0xed, 0x72, 0xe6, 0xff,
	0xe2, 0x91, 0xf3, 0xfa, 0xe4, 0x69, 0xc3, 0xde, 0xf3, 0x22, 0x78, 0xb3,
	0xfd, 0x0c, 0x62, 0xa7, 0xff, 0x10, 0x63, 0xa8, 0xff, 0x2c, 0x77, 0xb6,
	0xff, 0x53, 0x90, 0xc4, 0xff, 0x5a, 0x91, 0xbe, 0xff, 0x5b, 0x91, 0xbc,
	0xff, 0x5f, 0x99, 0xc5, 0xff, 0x68, 0xa7, 0xd6, 0xff, 0x71, 0xb7, 0xe8,
	0xff, 0x7a, 0xc6, 0xf6, 0xff, 0x82, 0xd4, 0xfd, 0xff, 0x89, 0xe0, 0xff,
	0xff, 0x8e, 0xea, 0xff, 0xff, 0x94, 0xf3, 0xff, 0xff, 0x9a, 0xf9, 0xff,
	0xff, 0xa1, 0xfc, 0xff, 0xff, 0xa9, 0xff, 0xff, 0xff, 0xaf, 0xff, 0xff,
	0xff, 0xb3, 0xff, 0xff, 0xff, 0xb5, 0xff, 0xff, 0xff, 0xb5, 0xff, 0xff,
	0xff, 0xb5, 0xff, 0xff, 0xff, 0xb5, 0xff, 0xff, 0xff, 0xb5, 0xff, 0xff,
	0xff, 0xb5, 0xff, 0xff, 0xff, 0xb5, 0xff, 0xff, 0xff, 0xb5, 0xff, 0xff,
	0xff, 0xb5, 0xff, 0xff, 0xff, 0xb5, 0xff, 0xff, 0xff, 0xb6, 0xff, 0xff,
	0xff, 0xb8, 0xfe, 0xfe, 0xff, 0xbb, 0xfe, 0xfe, 0xff, 0xbe, 0xff, 0xff,
	0xff, 0xc2, 0xff, 0xff, 0xff, 0xc4, 0xff, 0xff, 0xff, 0xc5, 0xff, 0xff,
	0xff, 0xc5, 0xff, 0xff, 0xff, 0xc5, 0xff, 0xff, 0xff, 0xbe, 0xff, 0xff,
	0xff, 0x93, 0xec, 0xf5, 0xff, 0x21, 0x98, 0xcc, 0xff, 0x04, 0x73, 0xc4,
	0xff, 0x01, 0x73, 0xde, 0xff, 0x00, 0x84, 0xf4, 0xff, 0x00, 0x97, 0xff,
	0xff, 0x01, 0xa9, 0xff, 0xff, 0x05, 0xba, 0xff, 0xff, 0x08, 0xce, 0xff,
	0xff, 0x08, 0xe0, 0xff, 0xff, 0x0a, 0xed, 0xff, 0xff, 0x0e, 0xf5, 0xff,
	0xfe, 0x11, 0xfa, 0xff, 0xf1, 0x13, 0xf9, 0xfc, 0xad, 0x1c, 0xed, 0xf3,
	0x37, 0x26, 0xe0, 0xe9, 0x0a, 0x29, 0xde, 0xe7, 0x01, 0x29, 0xe0, 0xe8,
	0x00, 0x00, 0x00, 0x00, 0x00, 0x00, 0x00, 0x00, 0x00, 0x00, 0x00, 0x00,
	0x01, 0x13, 0x8a, 0xe5, 0x45, 0x13, 0x8b, 0xe6, 0xe1, 0x11, 0x90, 0xef,
	0xff, 0x0d, 0x99, 0xfd, 0xff, 0x0a, 0x9f, 0xff, 0xff, 0x0a, 0xa5, 0xff,
	0xff, 0x0c, 0xa9, 0xff, 0xff, 0x0e, 0xac, 0xff, 0xff, 0x0f, 0xaf, 0xff,
	0xff, 0x10, 0xb2, 0xff, 0xff, 0x10, 0xb3, 0xff, 0xff, 0x0f, 0xb8, 0xff,
	0xff, 0x0f, 0xbb, 0xff, 0xff, 0x13, 0xbd, 0xff, 0xff, 0x16, 0xbf, 0xff,
	0xff, 0x14, 0xc4, 0xff, 0xff, 0x14, 0xca, 0xff, 0xff, 0x14, 0xcc, 0xff,
	0xff, 0x11, 0xcc, 0xff, 0xff, 0x10, 0xcb, 0xff, 0xff, 0x11, 0xcc, 0xff,
	0xff, 0x11, 0xcb, 0xff, 0xff, 0x0f, 0xc9, 0xff, 0xfe, 0x0d, 0xc3, 0xff,
	0xfb, 0x10, 0xba, 0xff, 0xea, 0x21, 0xb7, 0xfe, 0xae, 0x5d, 0xd6, 0xfe,
	0x87, 0x8e, 0xe9, 0xf7, 0x92, 0x5d, 0xa9, 0xcf, 0xd6, 0x17, 0x6a, 0xab,
	0xfa, 0x0a, 0x5f, 0xa5, 0xff, 0x0c, 0x5f, 0xa6, 0xff, 0x1d, 0x6b, 0xb0,
	0xff, 0x44, 0x86, 0xc2, 0xff, 0x57, 0x91, 0xc2, 0xff, 0x5a, 0x91, 0xbd,
	0xff, 0x5e, 0x97, 0xc3, 0xff, 0x66, 0xa5, 0xd3, 0xff, 0x70, 0xb4, 0xe4,
	0xff, 0x79, 0xc4, 0xf4, 0xff, 0x82, 0xd2, 0xfc, 0xff, 0x89, 0xdf, 0xff,
	0xff, 0x8e, 0xea, 0xff, 0xff, 0x94, 0xf2, 0xff, 0xff, 0x9a, 0xf8, 0xff,
	0xff, 0xa1, 0xfc, 0xff, 0xff, 0xaa, 0xfe, 0xff, 0xff, 0xaf, 0xff, 0xff,
	0xff, 0xb2, 0xff, 0xff, 0xff, 0xb5, 0xff, 0xff, 0xff, 0xb5, 0xff, 0xff,
	0xff, 0xb5, 0xff, 0xff, 0xff, 0xb5, 0xff, 0xff, 0xff, 0xb5, 0xff, 0xff,
	0xff, 0xb5, 0xff, 0xff, 0xff, 0xb5, 0xff, 0xff, 0xff, 0xb5, 0xff, 0xff,
	0xff, 0xb5, 0xff, 0xff, 0xff, 0xb6, 0xff, 0xff, 0xff, 0xb7, 0xff, 0xff,
	0xff, 0xba, 0xff, 0xff, 0xff, 0xbd, 0xff, 0xff, 0xff, 0xc1, 0xff, 0xff,
	0xff, 0xc4, 0xff, 0xff, 0xff, 0xc5, 0xff, 0xff, 0xff, 0xc5, 0xff, 0xff,
	0xff, 0xc5, 0xff, 0xff, 0xff, 0xc5, 0xff, 0xff, 0xff, 0xbb, 0xff, 0xff,
	0xff, 0x92, 0xee, 0xf6, 0xff, 0x21, 0x9b, 0xcd, 0xff, 0x06, 0x78, 0xc2,
	0xff, 0x03, 0x73, 0xda, 0xff, 0x01, 0x81, 0xf0, 0xff, 0x01, 0x94, 0xfe,
	0xff, 0x03, 0xa7, 0xff, 0xff, 0x06, 0xba, 0xff, 0xff, 0x08, 0xcd, 0xff,
	0xff, 0x08, 0xe0, 0xff, 0xff, 0x0b, 0xed, 0xff, 0xff, 0x11, 0xf5, 0xff,
	0xfa, 0x14, 0xf9, 0xfe, 0xd4, 0x18, 0xf4, 0xf8, 0x6c, 0x21, 0xe6, 0xec,
	0x18, 0x26, 0xdf, 0xe8, 0x03, 0x29, 0xdb, 0xe4, 0x00, 0x00, 0x00, 0x00,
	0x00, 0x00, 0x00, 0x00, 0x00, 0x00, 0x00, 0x00, 0x00, 0x00, 0x00, 0x00,
	0x01, 0x13, 0x89, 0xe1, 0x45, 0x12, 0x8a, 0xe3, 0xe1, 0x0f, 0x8e, 0xeb,
	0xff, 0x0a, 0x97, 0xfa, 0xff, 0x09, 0x9c, 0xfe, 0xff, 0x0a, 0xa2, 0xff,
	0xff, 0x0a, 0xa6, 0xff, 0xff, 0x0a, 0xa9, 0xff, 0xff, 0x0c, 0xab, 0xff,
	0xff, 0x0d, 0xad, 0xff, 0xff, 0x0d, 0xaf, 0xff, 0xff, 0x0d, 0xb2, 0xff,
	0xff, 0x0d, 0xb4, 0xff, 0xff, 0x0f, 0xb6, 0xff, 0xff, 0x11, 0xb8, 0xff,
	0xff, 0x10, 0xbb, 0xff, 0xff, 0x0f, 0xbf, 0xff, 0xff, 0x0f, 0xc2, 0xff,
	0xff, 0x0e, 0xc3, 0xff, 0xff, 0x0e, 0xc3, 0xff, 0xff, 0x0f, 0xc4, 0xff,
	0xff, 0x10, 0xc2, 0xff, 0xff, 0x0f, 0xbf, 0xff, 0xfd, 0x0e, 0xb9, 0xff,
	0xf0, 0x11, 0xb1, 0xfe, 0xbb, 0x1b, 0xad, 0xfd, 0x57, 0x38, 0xbb, 0xfd,
	0x27, 0x74, 0xcd, 0xee, 0x47, 0x34, 0x81, 0xb8, 0xc5, 0x0d, 0x61, 0xa6,
	0xf8, 0x09, 0x5d, 0xa4, 0xff, 0x0a, 0x5d, 0xa5, 0xff, 0x11, 0x64, 0xab,
	0xff, 0x2e, 0x79, 0xbc, 0xff, 0x51, 0x8d, 0xc6, 0xff, 0x5a, 0x92, 0xc0,
	0xff, 0x5d, 0x96, 0xc3, 0xff, 0x64, 0xa2, 0xcf, 0xff, 0x6e, 0xb1, 0xe1,
	0xff, 0x78, 0xc1, 0xf1, 0xff, 0x80, 0xd1, 0xfa, 0xff, 0x88, 0xde, 0xfe,
	0xff, 0x8e, 0xe9, 0xff, 0xff, 0x93, 0xf2, 0xff, 0xff, 0x99, 0xf7, 0xff,
	0xff, 0xa1, 0xfb, 0xff, 0xff, 0xa8, 0xfe, 0xff, 0xff, 0xae, 0xff, 0xff,
	0xff, 0xb2, 0xfe, 0xfe, 0xff, 0xb4, 0xfe, 0xfe, 0xff, 0xb4, 0xfe, 0xfe,
	0xff, 0xb5, 0xfe, 0xfe, 0xff, 0xb5, 0xff, 0xff, 0xff, 0xb5, 0xff, 0xff,
	0xff, 0xb5, 0xff, 0xff, 0xff, 0xb5, 0xff, 0xff, 0xff, 0xb5, 0xff, 0xff,
	0xff, 0xb5, 0xff, 0xff, 0xff, 0xb7, 0xff, 0xff, 0xff, 0xb9, 0xff, 0xff,
	0xff, 0xbc, 0xff, 0xff, 0xff, 0xc0, 0xff, 0xff, 0xff, 0xc3, 0xff, 0xff,
	0xff, 0xc5, 0xff, 0xff, 0xff, 0xc5, 0xff, 0xff, 0xff, 0xc5, 0xff, 0xff,
	0xff, 0xc5, 0xff, 0xff, 0xff, 0xc3, 0xff, 0xff, 0xff, 0xb6, 0xff, 0xff,
	0xff, 0x91, 0xf1, 0xf8, 0xff, 0x21, 0x9b, 0xce, 0xff, 0x08, 0x7d, 0xc3,
	0xff, 0x06, 0x75, 0xd4, 0xff, 0x05, 0x7e, 0xec, 0xff, 0x04, 0x92, 0xfc,
	0xff, 0x06, 0xa6, 0xff, 0xff, 0x08, 0xba, 0xff, 0xff, 0x08, 0xce, 0xff,
	0xff, 0x09, 0xe1, 0xff, 0xff, 0x0d, 0xed, 0xff, 0xfe, 0x14, 0xf4, 0xfe,
	0xee, 0x19, 0xf3, 0xf9, 0xa2, 0x21, 0xe6, 0xed, 0x2f, 0x24, 0xe0, 0xe7,
	0x07, 0x26, 0xdf, 0xe6, 0x01, 0x27, 0xdd, 0xe5, 0x00, 0x00, 0x00, 0x00,
	0x00, 0x00, 0x00, 0x00, 0x00, 0x00, 0x00, 0x00, 0x00, 0x00, 0x00, 0x00,
	0x01, 0x10, 0x87, 0xde, 0x45, 0x0f, 0x88, 0xe0, 0xe1, 0x0c, 0x8c, 0xe7,
	0xff, 0x09, 0x93, 0xf6, 0xff, 0x08, 0x98, 0xfc, 0xff, 0x09, 0x9e, 0xfe,
	0xff, 0x09, 0xa2, 0xff, 0xff, 0x09, 0xa4, 0xff, 0xff, 0x0b, 0xa6, 0xff,
	0xff, 0x0b, 0xa8, 0xff, 0xff, 0x0c, 0xa9, 0xff, 0xff, 0x0c, 0xab, 0xff,
	0xff, 0x0c, 0xac, 0xff, 0xff, 0x0c, 0xae, 0xff, 0xff, 0x0e, 0xb0, 0xff,
	0xff, 0x0d, 0xb2, 0xff, 0xff, 0x0c, 0xb5, 0xff, 0xff, 0x0d, 0xb7, 0xff,
	0xff, 0x0d, 0xb8, 0xff, 0xff, 0x0d, 0xb9, 0xff, 0xff, 0x0e, 0xb9, 0xff,
	0xff, 0x0e, 0xb8, 0xff, 0xff, 0x0e, 0xb3, 0xff, 0xf8, 0x0e, 0xab, 0xfd,
	0xcc, 0x14, 0xa7, 0xfd, 0x6c, 0x1c, 0xa9, 0xfe, 0x1f, 0x23, 0xab, 0xfd,
	0x0c, 0x3b, 0x9a, 0xd5, 0x38, 0x17, 0x69, 0xaa, 0xc7, 0x09, 0x5f, 0xa4,
	0xf8, 0x08, 0x5d, 0xa4, 0xfa, 0x09, 0x5d, 0xa4, 0xf8, 0x0c, 0x61, 0xa8,
	0xf8, 0x21, 0x71, 0xb6, 0xfb, 0x48, 0x88, 0xc5, 0xfd, 0x59, 0x91, 0xc5,
	0xff, 0x5d, 0x96, 0xc3, 0xff, 0x63, 0xa0, 0xcd, 0xff, 0x6c, 0xaf, 0xde,
	0xff, 0x76, 0xbe, 0xee, 0xff, 0x7f, 0xce, 0xf8, 0xff, 0x87, 0xdb, 0xfd,
	0xff, 0x8d, 0xe7, 0xff, 0xff, 0x92, 0xf0, 0xff, 0xff, 0x98, 0xf6, 0xff,
	0xff, 0x9f, 0xfb, 0xff, 0xff, 0xa7, 0xfe, 0xff, 0xff, 0xad, 0xff, 0xff,
	0xff, 0xb2, 0xff, 0xff, 0xff, 0xb4, 0xfe, 0xfe, 0xff, 0xb4, 0xfe, 0xfe,
	0xff, 0xb4, 0xfe, 0xfe, 0xff, 0xb5, 0xfe, 0xfe, 0xff, 0xb5, 0xfe, 0xfe,
	0xff, 0xb5, 0xff, 0xff, 0xff, 0xb5, 0xff, 0xff, 0xff, 0xb5, 0xff, 0xff,
	0xff, 0xb6, 0xff, 0xff, 0xff, 0xb8, 0xff, 0xff, 0xff, 0xbb, 0xff, 0xff,
	0xff, 0xbe, 0xfe, 0xff, 0xff, 0xc2, 0xfe, 0xff, 0xff, 0xc4, 0xfe, 0xff,
	0xff, 0xc5, 0xff, 0xff, 0xff, 0xc5, 0xff, 0xff, 0xff, 0xc6, 0xff, 0xff,
	0xff, 0xc5, 0xff, 0xff, 0xff, 0xbf, 0xff, 0xff, 0xff, 0xaf, 0xff, 0xff,
	0xff, 0x8c, 0xf4, 0xf9, 0xff, 0x20, 0x9c, 0xcf, 0xff, 0x08, 0x7f, 0xc3,
	0xff, 0x08, 0x78, 0xcf, 0xff, 0x07, 0x7e, 0xe7, 0xff, 0x07, 0x93, 0xfb,
	0xff, 0x07, 0xa6, 0xff, 0xff, 0x08, 0xbb, 0xff, 0xff, 0x09, 0xcf, 0xff,
	0xff, 0x0b, 0xe1, 0xff, 0xfe, 0x10, 0xec, 0xfe, 0xfa, 0x16, 0xee, 0xfb,
	0xd3, 0x1f, 0xe3, 0xee, 0x62, 0x2b, 0xd2, 0xdf, 0x15, 0x30, 0xcc, 0xd9,
	0x02, 0x2a, 0xd5, 0xdf, 0x00, 0x00, 0x00, 0x00, 0x00, 0x00, 0x00, 0x00,
	0x00, 0x00, 0x00, 0x00, 0x00, 0x00, 0x00, 0x00, 0x00, 0x00, 0x00, 0x00,
	0x01, 0x12, 0x83, 0xd8, 0x45, 0x11, 0x84, 0xda, 0xe1, 0x0d, 0x88, 0xe2,
	0xff, 0x08, 0x8f, 0xf1, 0xff, 0x08, 0x94, 0xf7, 0xff, 0x09, 0x99, 0xfb,
	0xff, 0x09, 0x9c, 0xfd, 0xff, 0x0a, 0x9e, 0xfe, 0xff, 0x0b, 0x9f, 0xfe,
	0xff, 0x0c, 0xa0, 0xfe, 0xff, 0x0c, 0xa1, 0xfd, 0xff, 0x0c, 0xa2, 0xfd,
	0xff, 0x0c, 0xa2, 0xfd, 0xff, 0x0c, 0xa2, 0xfd, 0xff, 0x0c, 0xa3, 0xfc,
	0xff, 0x0b, 0xa5, 0xfc, 0xff, 0x0b, 0xa6, 0xfc, 0xff, 0x0b, 0xa7, 0xfc,
	0xff, 0x0c, 0xa8, 0xfc, 0xff, 0x0c, 0xa9, 0xfd, 0xff, 0x0c, 0xaa, 0xfe,
	0xff, 0x0c, 0xa9, 0xff, 0xff, 0x0c, 0xa5, 0xfe, 0xf4, 0x0c, 0x9e, 0xfa,
	0x97, 0x12, 0x9d, 0xf9, 0x2b, 0x23, 0xa7, 0xfc, 0x08, 0x29, 0xab, 0xfc,
	0x05, 0x1b, 0x77, 0xbb, 0x2e, 0x0a, 0x5f, 0xa5, 0xbd, 0x09, 0x5e, 0xa4,
	0xeb, 0x0a, 0x5e, 0xa4, 0xde, 0x0d, 0x5e, 0xa4, 0xc9, 0x11, 0x62, 0xa7,
	0xc7, 0x25, 0x71, 0xb2, 0xda, 0x46, 0x85, 0xc1, 0xf4, 0x56, 0x8f, 0xc7,
	0xfe, 0x5a, 0x95, 0xc6, 0xff, 0x62, 0x9e, 0xcc, 0xff, 0x6b, 0xac, 0xdb,
	0xff, 0x74, 0xbb, 0xeb, 0xff, 0x7d, 0xca, 0xf6, 0xff, 0x85, 0xd8, 0xfc,
	0xff, 0x8c, 0xe4, 0xff, 0xff, 0x91, 0xee, 0xff, 0xff, 0x96, 0xf5, 0xff,
	0xff, 0x9e, 0xfa, 0xff, 0xff, 0xa6, 0xfd, 0xff, 0xff, 0xad, 0xff, 0xff,
	0xff, 0xb2, 0xff, 0xff, 0xff, 0xb4, 0xff, 0xff, 0xff, 0xb6, 0xfe, 0xfe,
	0xff, 0xb6, 0xfd, 0xfe, 0xff, 0xb5, 0xfe, 0xfe, 0xff, 0xb5, 0xff, 0xff,
	0xff, 0xb5, 0xff, 0xff, 0xff, 0xb5, 0xff, 0xff, 0xff, 0xb5, 0xff, 0xff,
	0xff, 0xb6, 0xff, 0xff, 0xff, 0xb8, 0xff, 0xff, 0xff, 0xbc, 0xff, 0xff,
	0xff, 0xc0, 0xfe, 0xff, 0xff, 0xc3, 0xfe, 0xff, 0xff, 0xc4, 0xfe, 0xff,
	0xff, 0xc5, 0xff, 0xff, 0xff, 0xc4, 0xfe, 0xfe, 0xff, 0xc4, 0xfe, 0xfe,
	0xff, 0xc1, 0xff, 0xff, 0xff, 0xb5, 0xfd, 0xff, 0xff, 0x9b, 0xf9, 0xff,
	0xff, 0x73, 0xe9, 0xfd, 0xff, 0x1c, 0x9e, 0xd8, 0xff, 0x09, 0x82, 0xc4,
	0xff, 0x08, 0x7b, 0xc8, 0xff, 0x08, 0x80, 0xe3, 0xff, 0x08, 0x94, 0xf9,
	0xff, 0x08, 0xa8, 0xff, 0xff, 0x09, 0xbe, 0xff, 0xff, 0x0b, 0xd2, 0xff,
	0xff, 0x0e, 0xe2, 0xff, 0xfc, 0x13, 0xea, 0xfd, 0xea, 0x1a, 0xe3, 0xf4,
	0x9e, 0x28, 0xcd, 0xde, 0x2f, 0x30, 0xc0, 0xd1, 0x06, 0x31, 0xc2, 0xd2,
	0x01, 0x33, 0xc3, 0xd2, 0x00, 0x00, 0x00, 0x00, 0x00, 0x00, 0x00, 0x00,
	0x00, 0x00, 0x00, 0x00, 0x00, 0x00, 0x00, 0x00, 0x00, 0x00, 0x00, 0x00,
	0x01, 0x19, 0x78, 0xc2, 0x45, 0x18, 0x79, 0xc5, 0xe1, 0x12, 0x7f, 0xd3,
	0xff, 0x08, 0x8a, 0xe9, 0xff, 0x09, 0x8e, 0xee, 0xff, 0x09, 0x91, 0xf2,
	0xff, 0x09, 0x93, 0xf5, 0xff, 0x0a, 0x94, 0xf6, 0xff, 0x0a, 0x95, 0xf5,
	0xff, 0x0b, 0x95, 0xf6, 0xff, 0x0b, 0x95, 0xf5, 0xff, 0x0b, 0x93, 0xf2,
	0xff, 0x0b, 0x92, 0xf0, 0xff, 0x0a, 0x91, 0xee, 0xff, 0x09, 0x91, 0xee,
	0xff, 0x09, 0x93, 0xef, 0xff, 0x0a, 0x95, 0xf2, 0xff, 0x0c, 0x97, 0xf4,
	0xff, 0x0c, 0x99, 0xf8, 0xff, 0x0c, 0x9c, 0xfb, 0xff, 0x0a, 0x9f, 0xfe,
	0xff, 0x0a, 0xa1, 0xff, 0xfe, 0x09, 0xa1, 0xfe, 0xef, 0x09, 0x9c, 0xfb,
	0x7d, 0x0e, 0x9a, 0xf8, 0x14, 0x24, 0xa4, 0xf9, 0x03, 0x2d, 0xa8, 0xf6,
	0x03, 0x12, 0x6a, 0xaf, 0x24, 0x0d, 0x5f, 0xa3, 0x92, 0x0d, 0x60, 0xa3,
	0xb1, 0x10, 0x60, 0xa3, 0x95, 0x15, 0x63, 0xa4, 0x76, 0x1d, 0x6b, 0xa8,
	0x83, 0x2d, 0x7a, 0xb3, 0xbb, 0x3d, 0x88, 0xbe, 0xed, 0x47, 0x8e, 0xc7,
	0xfe, 0x51, 0x92, 0xca, 0xff, 0x5f, 0x9b, 0xcd, 0xff, 0x6a, 0xa8, 0xd9,
	0xff, 0x72, 0xb7, 0xe8, 0xff, 0x7b, 0xc6, 0xf4, 0xff, 0x83, 0xd4, 0xfb,
	0xff, 0x8a, 0xe0, 0xfe, 0xff, 0x90, 0xeb, 0xff, 0xff, 0x96, 0xf3, 0xff,
	0xff, 0x9d, 0xf9, 0xff, 0xff, 0xa6, 0xfc, 0xff, 0xff, 0xac, 0xfe, 0xff,
	0xff, 0xb2, 0xff, 0xff, 0xff, 0xb5, 0xff, 0xff, 0xff, 0xb7, 0xfe, 0xff,
	0xff, 0xb7, 0xfe, 0xfe, 0xff, 0xb6, 0xff, 0xff, 0xff, 0xb5, 0xff, 0xff,
	0xff, 0xb5, 0xff, 0xff, 0xff, 0xb5, 0xfe, 0xff, 0xff, 0xb5, 0xff, 0xff,
	0xff, 0xb6, 0xff, 0xff, 0xff, 0xb8, 0xff, 0xff, 0xff, 0xbd, 0xff, 0xff,
	0xff, 0xc2, 0xff, 0xff, 0xff, 0xc4, 0xfe, 0xff, 0xff, 0xc4, 0xfe, 0xff,
	0xff, 0xc4, 0xfe, 0xfe, 0xff, 0xc3, 0xfc, 0xfc, 0xff, 0xbf, 0xfc, 0xfd,
	0xff, 0xad, 0xf7, 0xff, 0xff, 0x89, 0xe9, 0xff, 0xff, 0x61, 0xda, 0xff,
	0xff, 0x3a, 0xc8, 0xff, 0xff, 0x13, 0xaa, 0xed, 0xff, 0x0a, 0x95, 0xd3,
	0xff, 0x09, 0x80, 0xc7, 0xff, 0x09, 0x82, 0xdd, 0xff, 0x09, 0x95, 0xf7,
	0xff, 0x0a, 0xab, 0xff, 0xff, 0x0c, 0xc3, 0xff, 0xff, 0x0e, 0xd5, 0xff,
	0xfe, 0x11, 0xe1, 0xfe, 0xf1, 0x14, 0xe3, 0xfb, 0xb4, 0x1c, 0xd9, 0xef,
	0x50, 0x2a, 0xc3, 0xd8, 0x13, 0x38, 0xb0, 0xc4, 0x03, 0x36, 0xb4, 0xc7,
	0x00, 0x00, 0x00, 0x00, 0x00, 0x00, 0x00, 0x00, 0x00, 0x00, 0x00, 0x00,
	0x00, 0x00, 0x00, 0x00, 0x00, 0x00, 0x00, 0x00, 0x00, 0x00, 0x00, 0x00,
	0x01, 0x23, 0x65, 0x9c, 0x45, 0x21, 0x66, 0xa0, 0xe1, 0x18, 0x6e, 0xb4,
	0xff, 0x0a, 0x7c, 0xd3, 0xff, 0x0a, 0x80, 0xd9, 0xff, 0x0a, 0x82, 0xdd,
	0xff, 0x0a, 0x84, 0xdf, 0xff, 0x0a, 0x85, 0xe1, 0xff, 0x0a, 0x85, 0xe1,
	0xff, 0x0a, 0x85, 0xdf, 0xff, 0x09, 0x84, 0xdd, 0xff, 0x08, 0x83, 0xdb,
	0xff, 0x08, 0x83, 0xdb, 0xff, 0x08, 0x84, 0xdc, 0xff, 0x07, 0x87, 0xe0,
	0xff, 0x08, 0x8c, 0xe7, 0xff, 0x0a, 0x90, 0xee, 0xff, 0x0d, 0x94, 0xf4,
	0xff, 0x0e, 0x98, 0xf9, 0xff, 0x0d, 0x9b, 0xfd, 0xff, 0x0a, 0x9f, 0xfe,
	0xff, 0x09, 0xa2, 0xff, 0xfe, 0x08, 0xa3, 0xff, 0xec, 0x09, 0xa0, 0xfe,
	0x79, 0x0b, 0x9f, 0xfc, 0x11, 0x16, 0xa2, 0xfb, 0x01, 0x24, 0x9e, 0xee,
	0x03, 0x16, 0x68, 0xa7, 0x18, 0x16, 0x64, 0xa2, 0x50, 0x17, 0x65, 0xa2,
	0x6e, 0x17, 0x68, 0xa4, 0x7b, 0x13, 0x6d, 0xa9, 0x7e, 0x12, 0x74, 0xaf,
	0x9c, 0x19, 0x7e, 0xb7, 0xd6, 0x20, 0x87, 0xbe, 0xf5, 0x28, 0x8b, 0xc6,
	0xfe, 0x3c, 0x8e, 0xca, 0xff, 0x55, 0x96, 0xce, 0xff, 0x65, 0xa4, 0xd8,
	0xff, 0x70, 0xb3, 0xe5, 0xff, 0x78, 0xc1, 0xf2, 0xff, 0x80, 0xcf, 0xfa,
	0xff, 0x87, 0xdc, 0xfe, 0xff, 0x8f, 0xe8, 0xff, 0xff, 0x96, 0xf1, 0xff,
	0xff, 0x9e, 0xf7, 0xff, 0xff, 0xa6, 0xfb, 0xff, 0xff, 0xac, 0xfe, 0xff,
	0xff, 0xb1, 0xff, 0xff, 0xff, 0xb3, 0xff, 0xff, 0xff, 0xb7, 0xff, 0xff,
	0xff, 0xb8, 0xff, 0xff, 0xff, 0xb6, 0xfe, 0xff, 0xff, 0xb5, 0xfe, 0xff,
	0xff, 0xb4, 0xfe, 0xfe, 0xff, 0xb3, 0xfe, 0xff, 0xff, 0xb3, 0xfe, 0xff,
	0xff, 0xb5, 0xff, 0xff, 0xff, 0xb8, 0xff, 0xff, 0xff, 0xbd, 0xff, 0xff,
	0xff, 0xc2, 0xfe, 0xfe, 0xff, 0xc2, 0xfc, 0xfd, 0xff, 0xc0, 0xf9, 0xfa,
	0xff, 0xba, 0xf6, 0xf9, 0xff, 0xab, 0xf0, 0xfb, 0xff, 0x90, 0xe3, 0xfe,
	0xff, 0x69, 0xd3, 0xff, 0xff, 0x3c, 0xc0, 0xff, 0xff, 0x1f, 0xb9, 0xff,
	0xff, 0x13, 0xb9, 0xff, 0xff, 0x0d, 0xbf, 0xfc, 0xff, 0x0a, 0xbf, 0xee,
	0xff, 0x0a, 0xa3, 0xd7, 0xff, 0x0a, 0x8d, 0xdb, 0xff, 0x0a, 0x97, 0xf2,
	0xff, 0x0e, 0xb0, 0xfe, 0xff, 0x0f, 0xc8, 0xff, 0xff, 0x10, 0xd5, 0xff,
	0xfb, 0x12, 0xd9, 0xfc, 0xdd, 0x18, 0xd2, 0xf0, 0x6d, 0x1e, 0xca, 0xe6,
	0x17, 0x23, 0xc7, 0xdf, 0x04, 0x31, 0xb9, 0xce, 0x01, 0x3a, 0xad, 0xc2,
	0x00, 0x00, 0x00, 0x00, 0x00, 0x00, 0x00, 0x00, 0x00, 0x00, 0x00, 0x00,
	0x00, 0x00, 0x00, 0x00, 0x00, 0x00, 0x00, 0x00, 0x00, 0x00, 0x00, 0x00,
	0x01, 0x20, 0x59, 0x89, 0x45, 0x1f, 0x5a, 0x8b, 0xe1, 0x16, 0x5e, 0x9a,
	0xff, 0x0b, 0x66, 0xb1, 0xff, 0x0a, 0x69, 0xb6, 0xff, 0x0a, 0x6b, 0xb8,
	0xff, 0x0a, 0x6d, 0xba, 0xff, 0x0a, 0x70, 0xbe, 0xff, 0x0a, 0x73, 0xc3,
	0xff, 0x0a, 0x76, 0xc7, 0xff, 0x09, 0x79, 0xc9, 0xff, 0x08, 0x7d, 0xce,
	0xff, 0x08, 0x82, 0xd6, 0xff, 0x08, 0x87, 0xde, 0xff, 0x08, 0x8d, 0xe7,
	0xff, 0x08, 0x95, 0xf1, 0xff, 0x0a, 0x99, 0xf7, 0xff, 0x0c, 0x9c, 0xfb,
	0xff, 0x0e, 0x9f, 0xfe, 0xff, 0x0e, 0xa1, 0xff, 0xff, 0x0a, 0xa2, 0xff,
	0xff, 0x09, 0xa3, 0xff, 0xfc, 0x09, 0xa5, 0xff, 0xe5, 0x0b, 0xa4, 0xff,
	0x74, 0x0e, 0xa4, 0xff, 0x10, 0x10, 0xa3, 0xfc, 0x02, 0x20, 0x89, 0xcf,
	0x08, 0x15, 0x69, 0xa8, 0x20, 0x14, 0x68, 0xa7, 0x59, 0x13, 0x6a, 0xa7,
	0x8f, 0x0d, 0x6c, 0xa9, 0xb9, 0x08, 0x6e, 0xac, 0xd0, 0x08, 0x70, 0xb3,
	0xe1, 0x09, 0x77, 0xb9, 0xf5, 0x0b, 0x82, 0xc1, 0xfe, 0x0f, 0x89, 0xca,
	0xff, 0x20, 0x8c, 0xcc, 0xff, 0x3d, 0x90, 0xcf, 0xff, 0x58, 0x9b, 0xd7,
	0xff, 0x68, 0xac, 0xe4, 0xff, 0x74, 0xbc, 0xf1, 0xff, 0x7d, 0xca, 0xfa,
	0xff, 0x86, 0xd8, 0xfe, 0xff, 0x8d, 0xe4, 0xff, 0xff, 0x96, 0xee, 0xff,
	0xff, 0x9f, 0xf6, 0xff, 0xff, 0xa6, 0xfb, 0xff, 0xff, 0xaa, 0xfd, 0xff,
	0xff, 0xac, 0xff, 0xff, 0xff, 0xaf, 0xff, 0xff, 0xff, 0xb2, 0xff, 0xff,
	0xff, 0xb5, 0xfe, 0xff, 0xff, 0xb4, 0xfd, 0xfe, 0xff, 0xb3, 0xfd, 0xfe,
	0xff, 0xb1, 0xfd, 0xfe, 0xff, 0xaf, 0xfe, 0xfe, 0xff, 0xaf, 0xfe, 0xff,
	0xff, 0xb0, 0xff, 0xff, 0xff, 0xb4, 0xff, 0xff, 0xff, 0xbb, 0xfe, 0xff,
	0xff, 0xbd, 0xfa, 0xfc, 0xff, 0xb4, 0xf1, 0xf5, 0xff, 0xa0, 0xe3, 0xee,
	0xff, 0x83, 0xd4, 0xf2, 0xff, 0x5f, 0xc3, 0xf9, 0xff, 0x3c, 0xb3, 0xfe,
	0xff, 0x21, 0xac, 0xff, 0xff, 0x10, 0xad, 0xff, 0xff, 0x0a, 0xb5, 0xff,
	0xff, 0x0c, 0xc2, 0xff, 0xff, 0x0b, 0xd4, 0xff, 0xff, 0x09, 0xe3, 0xfc,
	0xff, 0x09, 0xda, 0xf1, 0xff, 0x0a, 0xb6, 0xe8, 0xff, 0x0c, 0xa2, 0xf2,
	0xff, 0x0f, 0xb7, 0xfe, 0xfe, 0x11, 0xc8, 0xfe, 0xfb, 0x12, 0xce, 0xfd,
	0xea, 0x15, 0xcb, 0xf5, 0xa5, 0x1e, 0xc0, 0xe4, 0x38, 0x25, 0xb7, 0xd7,
	0x06, 0x24, 0xbc, 0xda, 0x00, 0x00, 0x00, 0x00, 0x00, 0x00, 0x00, 0x00,
	0x00, 0x00, 0x00, 0x00, 0x00, 0x00, 0x00, 0x00, 0x00, 0x00, 0x00, 0x00,
	0x00, 0x00, 0x00, 0x00, 0x00, 0x00, 0x00, 0x00, 0x00, 0x00, 0x00, 0x00,
	0x01, 0x11, 0x56, 0x8f, 0x45, 0x11, 0x57, 0x90, 0xe1, 0x0d, 0x57, 0x93,
	0xff, 0x09, 0x59, 0x9a, 0xff, 0x08, 0x5a, 0x9b, 0xff, 0x08, 0x5d, 0x9d,
	0xff, 0x07, 0x61, 0xa3, 0xff, 0x07, 0x68, 0xad, 0xff, 0x09, 0x70, 0xba,
	0xff, 0x09, 0x78, 0xc6, 0xff, 0x08, 0x80, 0xcf, 0xff, 0x08, 0x87, 0xd9,
	0xff, 0x08, 0x8e, 0xe4, 0xff, 0x0b, 0x94, 0xee, 0xff, 0x0b, 0x9a, 0xf6,
	0xff, 0x0a, 0x9f, 0xfc, 0xff, 0x0a, 0xa3, 0xfe, 0xff, 0x0c, 0xa4, 0xff,
	0xff, 0x0d, 0xa5, 0xff, 0xff, 0x0e, 0xa6, 0xff, 0xff, 0x0d, 0xa6, 0xff,
	0xfe, 0x0c, 0xa6, 0xff, 0xf3, 0x10, 0xa8, 0xfe, 0xb8, 0x14, 0xa8, 0xfe,
	0x4c, 0x14, 0xa7, 0xff, 0x0c, 0x16, 0xa4, 0xfa, 0x06, 0x49, 0x82, 0xac,
	0x19, 0x19, 0x6a, 0xa6, 0x5a, 0x0d, 0x67, 0xaa, 0xa5, 0x0b, 0x68, 0xaa,
	0xd6, 0x06, 0x6b, 0xab, 0xee, 0x05, 0x6d, 0xb0, 0xf8, 0x07, 0x70, 0xbb,
	0xfc, 0x06, 0x76, 0xc3, 0xfe, 0x04, 0x82, 0xce, 0xff, 0x05, 0x8c, 0xd7,
	0xff, 0x0d, 0x8f, 0xd8, 0xff, 0x1f, 0x8f, 0xd5, 0xff, 0x39, 0x94, 0xd8,
	0xff, 0x54, 0xa2, 0xe3, 0xff, 0x69, 0xb3, 0xf1, 0xff, 0x76, 0xc3, 0xfa,
	0xff, 0x81, 0xd2, 0xfd, 0xff, 0x8a, 0xe0, 0xff, 0xff, 0x94, 0xeb, 0xff,
	0xff, 0x9d, 0xf4, 0xff, 0xff, 0xa3, 0xfa, 0xff, 0xff, 0xa5, 0xfc, 0xff,
	0xff, 0xa5, 0xfe, 0xff, 0xff, 0xa7, 0xfe, 0xff, 0xff, 0xaa, 0xfe, 0xff,
	0xff, 0xae, 0xfe, 0xff, 0xff, 0xae, 0xfd, 0xfe, 0xff, 0xac, 0xfc, 0xfd,
	0xff, 0xaa, 0xfc, 0xfd, 0xff, 0xa8, 0xfd, 0xfe, 0xff, 0xa7, 0xfe, 0xfe,
	0xff, 0xa7, 0xfd, 0xff, 0xff, 0xa9, 0xfc, 0xfe, 0xff, 0xad, 0xf7, 0xfc,
	0xff, 0xa1, 0xe8, 0xf5, 0xff, 0x7c, 0xcb, 0xe9, 0xff, 0x52, 0xb0, 0xe6,
	0xff, 0x32, 0xa1, 0xf0, 0xff, 0x1b, 0x9b, 0xfa, 0xff, 0x0f, 0x9d, 0xfe,
	0xff, 0x0a, 0xa5, 0xff, 0xff, 0x09, 0xb1, 0xff, 0xff, 0x0b, 0xc1, 0xff,
	0xff, 0x0b, 0xd2, 0xff, 0xff, 0x09, 0xe5, 0xff, 0xff, 0x09, 0xf4, 0xff,
	0xff, 0x09, 0xf7, 0xfd, 0xfe, 0x0a, 0xdf, 0xf9, 0xfd, 0x0d, 0xb7, 0xf9,
	0xfb, 0x10, 0xbb, 0xfd, 0xf3, 0x13, 0xc2, 0xfa, 0xe4, 0x18, 0xbe, 0xef,
	0xa8, 0x1c, 0xb9, 0xe5, 0x4c, 0x1f, 0xb7, 0xe0, 0x13, 0x26, 0xaf, 0xd3,
	0x03, 0x28, 0xae, 0xd0, 0x00, 0x00, 0x00, 0x00, 0x00, 0x00, 0x00, 0x00,
	0x00, 0x00, 0x00, 0x00, 0x00, 0x00, 0x00, 0x00, 0x00, 0x00, 0x00, 0x00,
	0x00, 0x00, 0x00, 0x00, 0x00, 0x00, 0x00, 0x00, 0x00, 0x00, 0x00, 0x00,
	0x01, 0x09, 0x57, 0x94, 0x45, 0x09, 0x57, 0x94, 0xe1, 0x09, 0x57, 0x94,
	0xff, 0x07, 0x58, 0x95, 0xff, 0x06, 0x5b, 0x98, 0xff, 0x06, 0x61, 0xa2,
	0xff, 0x07, 0x6b, 0xaf, 0xff, 0x07, 0x76, 0xbd, 0xff, 0x08, 0x7f, 0xcb,
	0xff, 0x08, 0x88, 0xd8, 0xff, 0x08, 0x91, 0xe2, 0xff, 0x08, 0x97, 0xec,
	0xff, 0x0a, 0x9d, 0xf5, 0xff, 0x0e, 0xa2, 0xfa, 0xff, 0x0f, 0xa5, 0xfd,
	0xff, 0x0c, 0xa8, 0xff, 0xff, 0x0a, 0xaa, 0xff, 0xff, 0x0c, 0xac, 0xff,
	0xff, 0x0d, 0xac, 0xff, 0xff, 0x0f, 0xac, 0xff, 0xfb, 0x0f, 0xac, 0xff,
	0xed, 0x16, 0xaa, 0xfc, 0xb4, 0x23, 0xaa, 0xf9, 0x58, 0x20, 0xaa, 0xfc,
	0x1b, 0x1a, 0xa9, 0xfd, 0x07, 0x34, 0xa1, 0xe5, 0x08, 0x4b, 0x7f, 0xa8,
	0x1f, 0x17, 0x6a, 0xa7, 0x74, 0x0c, 0x68, 0xab, 0xcb, 0x08, 0x69, 0xad,
	0xef, 0x05, 0x6e, 0xb1, 0xfc, 0x04, 0x75, 0xbd, 0xfe, 0x08, 0x7a, 0xce,
	0xff, 0x07, 0x81, 0xd9, 0xff, 0x05, 0x8f, 0xe4, 0xff, 0x05, 0x99, 0xeb,
	0xff, 0x07, 0xa0, 0xed, 0xff, 0x0c, 0xa2, 0xe8, 0xff, 0x18, 0xa0, 0xe4,
	0xff, 0x2c, 0x9f, 0xe4, 0xff, 0x48, 0xa7, 0xed, 0xff, 0x63, 0xb9, 0xf8,
	0xff, 0x73, 0xcb, 0xfd, 0xff, 0x7d, 0xd9, 0xff, 0xff, 0x88, 0xe5, 0xff,
	0xff, 0x93, 0xef, 0xff, 0xff, 0x99, 0xf6, 0xff, 0xff, 0x9b, 0xf9, 0xff,
	0xff, 0x9b, 0xfb, 0xff, 0xff, 0x9c, 0xfc, 0xff, 0xff, 0x9e, 0xfd, 0xff,
	0xff, 0xa2, 0xfd, 0xff, 0xff, 0xa4, 0xfd, 0xff, 0xff, 0xa3, 0xfd, 0xfe,
	0xff, 0xa2, 0xfd, 0xfe, 0xff, 0xa0, 0xfd, 0xfe, 0xff, 0x9d, 0xfb, 0xfe,
	0xff, 0x99, 0xf8, 0xfd, 0xff, 0x8e, 0xed, 0xf8, 0xff, 0x74, 0xcf, 0xed,
	0xff, 0x4f, 0xaa, 0xe2, 0xff, 0x2e, 0x92, 0xe0, 0xff, 0x17, 0x8a, 0xe9,
	0xff, 0x0c, 0x8f, 0xf6, 0xff, 0x09, 0x99, 0xfd, 0xff, 0x08, 0xa2, 0xff,
	0xff, 0x09, 0xad, 0xff, 0xff, 0x0b, 0xbe, 0xff, 0xff, 0x0a, 0xd2, 0xff,
	0xff, 0x0b, 0xe6, 0xff, 0xff, 0x0a, 0xf4, 0xff, 0xff, 0x09, 0xfc, 0xff,
	0xfd, 0x0a, 0xfd, 0xff, 0xf7, 0x0b, 0xf0, 0xfe, 0xed, 0x10, 0xcc, 0xfd,
	0xe0, 0x1b, 0xbd, 0xf8, 0xb5, 0x22, 0xba, 0xf0, 0x7c, 0x1f, 0xb2, 0xe3,
	0x46, 0x23, 0xa9, 0xd5, 0x15, 0x20, 0xb1, 0xdc, 0x04, 0x22, 0xb2, 0xdb,
	0x01, 0x29, 0xab, 0xcf, 0x00, 0x00, 0x00, 0x00, 0x00, 0x00, 0x00, 0x00,
	0x00, 0x00, 0x00, 0x00, 0x00, 0x00, 0x00, 0x00, 0x00, 0x00, 0x00, 0x00,
	0x00, 0x00, 0x00, 0x00, 0x00, 0x00, 0x00, 0x00, 0x00, 0x00, 0x00, 0x00,
	0x01, 0x08, 0x5e, 0x9e, 0x45, 0x08, 0x5e, 0x9f, 0xe1, 0x08, 0x5f, 0xa1,
	0xff, 0x08, 0x63, 0xa5, 0xff, 0x07, 0x6a, 0xac, 0xff, 0x08, 0x74, 0xb9,
	0xff, 0x08, 0x7f, 0xc8, 0xff, 0x08, 0x89, 0xd6, 0xff, 0x08, 0x92, 0xe5,
	0xff, 0x09, 0x9a, 0xef, 0xff, 0x09, 0xa1, 0xf6, 0xff, 0x08, 0xa6, 0xfa,
	0xff, 0x0a, 0xab, 0xfe, 0xff, 0x0e, 0xad, 0xff, 0xff, 0x10, 0xaf, 0xff,
	0xff, 0x0e, 0xb0, 0xff, 0xff, 0x0b, 0xb1, 0xff, 0xff, 0x0b, 0xb3, 0xff,
	0xfe, 0x0c, 0xb3, 0xff, 0xf7, 0x0f, 0xb4, 0xff, 0xcd, 0x15, 0xb3, 0xff,
	0x7c, 0x1d, 0xad, 0xfb, 0x46, 0x30, 0xab, 0xf5, 0x16, 0x2c, 0xab, 0xf8,
	0x05, 0x25, 0xaa, 0xfa, 0x02, 0x52, 0x9d, 0xcf, 0x04, 0x3d, 0x7a, 0xa8,
	0x12, 0x13, 0x69, 0xa9, 0x44, 0x0d, 0x6b, 0xac, 0x9b, 0x0a, 0x6f, 0xb1,
	0xe3, 0x06, 0x77, 0xbb, 0xfb, 0x05, 0x83, 0xce, 0xfe, 0x06, 0x8e, 0xe2,
	0xff, 0x06, 0x98, 0xef, 0xff, 0x05, 0xa6, 0xf6, 0xff, 0x06, 0xb2, 0xf9,
	0xff, 0x07, 0xbd, 0xfb, 0xff, 0x08, 0xc6, 0xfa, 0xff, 0x0c, 0xc9, 0xf6,
	0xff, 0x14, 0xc6, 0xf3, 0xff, 0x21, 0xc2, 0xf3, 0xff, 0x33, 0xc0, 0xf7,
	0xff, 0x47, 0xc5, 0xfc, 0xff, 0x5a, 0xd1, 0xff, 0xff, 0x6a, 0xdf, 0xff,
	0xff, 0x77, 0xe9, 0xff, 0xff, 0x80, 0xef, 0xff, 0xff, 0x86, 0xf2, 0xff,
	0xff, 0x88, 0xf3, 0xff, 0xff, 0x88, 0xf4, 0xff, 0xff, 0x8a, 0xf5, 0xff,
	0xff, 0x91, 0xf7, 0xff, 0xff, 0x95, 0xf9, 0xff, 0xff, 0x98, 0xfa, 0xff,
	0xff, 0x97, 0xf9, 0xff, 0xff, 0x96, 0xf7, 0xfd, 0xff, 0x8c, 0xf0, 0xfa,
	0xff, 0x6d, 0xd6, 0xf0, 0xff, 0x44, 0xb2, 0xe5, 0xff, 0x24, 0x99, 0xe0,
	0xff, 0x0f, 0x8a, 0xe1, 0xff, 0x08, 0x88, 0xea, 0xff, 0x09, 0x91, 0xf6,
	0xff, 0x09, 0x9b, 0xfd, 0xff, 0x08, 0xa4, 0xff, 0xff, 0x08, 0xad, 0xff,
	0xff, 0x0a, 0xbe, 0xff, 0xff, 0x0b, 0xd9, 0xff, 0xff, 0x0a, 0xed, 0xff,
	0xff, 0x0c, 0xf8, 0xff, 0xff, 0x0d, 0xfc, 0xff, 0xfe, 0x0e, 0xfe, 0xff,
	0xf5, 0x0f, 0xfe, 0xff, 0xcf, 0x0f, 0xf6, 0xff, 0x80, 0x13, 0xd8, 0xfd,
	0x70, 0x26, 0xbe, 0xf3, 0x4f, 0x35, 0xb5, 0xe8, 0x22, 0x28, 0xaf, 0xdf,
	0x0f, 0x26, 0xa4, 0xd1, 0x04, 0x25, 0xa5, 0xd1, 0x01, 0x1f, 0xb2, 0xdd,
	0x00, 0x00, 0x00, 0x00, 0x00, 0x00, 0x00, 0x00, 0x00, 0x00, 0x00, 0x00,
	0x00, 0x00, 0x00, 0x00, 0x00, 0x00, 0x00, 0x00, 0x00, 0x00, 0x00, 0x00,
	0x00, 0x00, 0x00, 0x00, 0x00, 0x00, 0x00, 0x00, 0x00, 0x00, 0x00, 0x00,
	0x01, 0x08, 0x71, 0xbc, 0x45, 0x08, 0x71, 0xbc, 0xe1, 0x08, 0x74, 0xbe,
	0xff, 0x08, 0x79, 0xc1, 0xff, 0x08, 0x7e, 0xc6, 0xff, 0x08, 0x86, 0xd2,
	0xff, 0x08, 0x90, 0xe1, 0xff, 0x08, 0x99, 0xef, 0xff, 0x09, 0xa1, 0xf8,
	0xff, 0x0a, 0xa9, 0xfc, 0xff, 0x0c, 0xae, 0xfe, 0xff, 0x0b, 0xb2, 0xff,
	0xff, 0x09, 0xb5, 0xff, 0xff, 0x0b, 0xb6, 0xff, 0xff, 0x0f, 0xb6, 0xff,
	0xff, 0x0f, 0xb9, 0xff, 0xff, 0x0d, 0xbb, 0xff, 0xfb, 0x0d, 0xbb, 0xff,
	0xf1, 0x13, 0xb9, 0xfe, 0xc5, 0x1e, 0xb8, 0xfd, 0x62, 0x1e, 0xb7, 0xfe,
	0x22, 0x1f, 0xb2, 0xfb, 0x0c, 0x2f, 0xad, 0xf5, 0x03, 0x37, 0xab, 0xf4,
	0x00, 0x00, 0x00, 0x00, 0x00, 0x00, 0x00, 0x00, 0x01, 0x2b, 0x73, 0xa9,
	0x05, 0x11, 0x6b, 0xab, 0x17, 0x0f, 0x6f, 0xb0, 0x4e, 0x0e, 0x78, 0xb7,
	0xb8, 0x0d, 0x81, 0xc2, 0xe9, 0x08, 0x90, 0xd7, 0xf7, 0x06, 0xa0, 0xec,
	0xfc, 0x04, 0xaf, 0xf8, 0xfe, 0x04, 0xbc, 0xfc, 0xff, 0x07, 0xc8, 0xfe,
	0xff, 0x09, 0xd4, 0xff, 0xff, 0x0a, 0xdf, 0xff, 0xff, 0x0b, 0xe5, 0xfe,
	0xff, 0x0d, 0xe7, 0xfd, 0xff, 0x11, 0xe6, 0xfc, 0xff, 0x15, 0xe4, 0xfc,
	0xff, 0x1c, 0xe5, 0xfd, 0xff, 0x23, 0xe9, 0xff, 0xff, 0x2b, 0xea, 0xff,
	0xff, 0x38, 0xe7, 0xff, 0xff, 0x49, 0xe5, 0xff, 0xff, 0x5a, 0xe5, 0xff,
	0xff, 0x61, 0xe4, 0xff, 0xff, 0x61, 0xe2, 0xff, 0xff, 0x60, 0xdf, 0xff,
	0xff, 0x68, 0xe1, 0xff, 0xff, 0x6f, 0xe3, 0xff, 0xff, 0x72, 0xe1, 0xff,
	0xff, 0x70, 0xdd, 0xfd, 0xff, 0x68, 0xd1, 0xf5, 0xff, 0x4a, 0xb5, 0xe6,
	0xff, 0x25, 0x9a, 0xdc, 0xff, 0x0f, 0x90, 0xe1, 0xff, 0x06, 0x91, 0xe9,
	0xff, 0x02, 0x98, 0xf3, 0xff, 0x02, 0x9f, 0xfa, 0xff, 0x07, 0xa7, 0xfe,
	0xff, 0x08, 0xb3, 0xff, 0xff, 0x07, 0xbf, 0xff, 0xff, 0x09, 0xca, 0xff,
	0xff, 0x0b, 0xde, 0xff, 0xff, 0x0a, 0xf4, 0xff, 0xff, 0x09, 0xfc, 0xff,
	0xff, 0x0b, 0xfe, 0xff, 0xfe, 0x10, 0xfe, 0xff, 0xf6, 0x16, 0xfc, 0xfe,
	0xcf, 0x23, 0xf6, 0xfd, 0x60, 0x17, 0xf6, 0xfe, 0x26, 0x16, 0xe3, 0xfc,
	0x1a, 0x2f, 0xc1, 0xef, 0x12, 0x42, 0xb4, 0xe5, 0x07, 0x3b, 0xb0, 0xdf,
	0x02, 0x2d, 0xa8, 0xd7, 0x00, 0x00, 0x00, 0x00, 0x00, 0x00, 0x00, 0x00,
	0x00, 0x00, 0x00, 0x00, 0x00, 0x00, 0x00, 0x00, 0x00, 0x00, 0x00, 0x00,
	0x00, 0x00, 0x00, 0x00, 0x00, 0x00, 0x00, 0x00, 0x00, 0x00, 0x00, 0x00,
	0x00, 0x00, 0x00, 0x00, 0x00, 0x00, 0x00, 0x00, 0x00, 0x00, 0x00, 0x00,
	0x01, 0x08, 0x8a, 0xd9, 0x45, 0x08, 0x8a, 0xd9, 0xe1, 0x08, 0x8c, 0xd9,
	0xff, 0x08, 0x8e, 0xdc, 0xff, 0x08, 0x90, 0xdf, 0xff, 0x08, 0x96, 0xea,
	0xff, 0x09, 0x9f, 0xf6, 0xff, 0x0a, 0xa8, 0xfc, 0xff, 0x0a, 0xb1, 0xfe,
	0xff, 0x0a, 0xb7, 0xff, 0xff, 0x0c, 0xbb, 0xff, 0xff, 0x0e, 0xbd, 0xff,
	0xff, 0x0b, 0xbe, 0xff, 0xff, 0x09, 0xbe, 0xff, 0xff, 0x0d, 0xbf, 0xff,
	0xfd, 0x0e, 0xc0, 0xff, 0xf5, 0x0f, 0xc0, 0xff, 0xdb, 0x16, 0xbe, 0xfd,
	0x93, 0x24, 0xbb, 0xfc, 0x4e, 0x2a, 0xb9, 0xfc, 0x1c, 0x28, 0xb8, 0xfd,
	0x08, 0x23, 0xb6, 0xfd, 0x02, 0x23, 0xb4, 0xfb, 0x00, 0x00, 0x00, 0x00,
	0x00, 0x00, 0x00, 0x00, 0x00, 0x00, 0x00, 0x00, 0x00, 0x00, 0x00, 0x00,
	0x01, 0x11, 0x6e, 0xae, 0x05, 0x12, 0x78, 0xb5, 0x1a, 0x12, 0x80, 0xbc,
	0x47, 0x13, 0x88, 0xc6, 0x86, 0x13, 0x97, 0xd6, 0xd4, 0x0e, 0xa8, 0xe9,
	0xe8, 0x07, 0xba, 0xfb, 0xf4, 0x06, 0xc8, 0xfd, 0xfb, 0x07, 0xd2, 0xfe,
	0xfc, 0x09, 0xdd, 0xfe, 0xfc, 0x0a, 0xe6, 0xfd, 0xfc, 0x0c, 0xeb, 0xfd,
	0xfc, 0x0d, 0xf0, 0xfe, 0xfc, 0x0f, 0xf4, 0xfe, 0xfd, 0x11, 0xf7, 0xfe,
	0xfe, 0x12, 0xf9, 0xfe, 0xff, 0x13, 0xf9, 0xff, 0xff, 0x17, 0xf4, 0xff,
	0xff, 0x1f, 0xeb, 0xff, 0xff, 0x2c, 0xe2, 0xff, 0xff, 0x38, 0xda, 0xff,
	0xff, 0x37, 0xd9, 0xff, 0xff, 0x30, 0xd6, 0xff, 0xff, 0x2b, 0xd0, 0xff,
	0xff, 0x25, 0xc4, 0xfe, 0xff, 0x27, 0xbf, 0xfe, 0xff, 0x26, 0xb7, 0xfe,
	0xff, 0x23, 0xb0, 0xfe, 0xff, 0x1f, 0xa9, 0xf8, 0xff, 0x16, 0xa0, 0xec,
	0xff, 0x0d, 0x9d, 0xea, 0xff, 0x09, 0xa3, 0xf3, 0xff, 0x07, 0xab, 0xf9,
	0xff, 0x05, 0xb2, 0xfd, 0xff, 0x05, 0xb9, 0xff, 0xff, 0x07, 0xc3, 0xff,
	0xff, 0x07, 0xd3, 0xff, 0xff, 0x06, 0xe4, 0xff, 0xff, 0x09, 0xef, 0xff,
	0xff, 0x0a, 0xf8, 0xff, 0xff, 0x0b, 0xfe, 0xff, 0xff, 0x0c, 0xff, 0xfe,
	0xfc, 0x10, 0xfe, 0xfe, 0xf2, 0x21, 0xf6, 0xfb, 0xcd, 0x3b, 0xe8, 0xf6,
	0x59, 0x35, 0xec, 0xf9, 0x1c, 0x29, 0xf1, 0xfd, 0x08, 0x1d, 0xed, 0xfc,
	0x03, 0x34, 0xc9, 0xef, 0x02, 0x48, 0xb7, 0xe4, 0x01, 0x4f, 0xb1, 0xde,
	0x00, 0x00, 0x00, 0x00, 0x00, 0x00, 0x00, 0x00, 0x00, 0x00, 0x00, 0x00,
	0x00, 0x00, 0x00, 0x00, 0x00, 0x00, 0x00, 0x00, 0x00, 0x00, 0x00, 0x00,
	0x00, 0x00, 0x00, 0x00, 0x00, 0x00, 0x00, 0x00, 0x00, 0x00, 0x00, 0x00,
	0x00, 0x00, 0x00, 0x00, 0x00, 0x00, 0x00, 0x00, 0x00, 0x00, 0x00, 0x00,
	0x01, 0x09, 0x9d, 0xf0, 0x45, 0x09, 0x9d, 0xf0, 0xe1, 0x0a, 0x9e, 0xf2,
	0xff, 0x0a, 0x9f, 0xf4, 0xff, 0x09, 0x9e, 0xf5, 0xff, 0x09, 0xa3, 0xfa,
	0xff, 0x09, 0xad, 0xfe, 0xff, 0x0a, 0xb6, 0xff, 0xff, 0x0b, 0xbd, 0xff,
	0xff, 0x09, 0xc1, 0xff, 0xff, 0x0a, 0xc4, 0xff, 0xff, 0x0e, 0xc5, 0xff,
	0xff, 0x0e, 0xc5, 0xff, 0xff, 0x0c, 0xc6, 0xff, 0xf9, 0x0d, 0xc6, 0xff,
	0xe6, 0x10, 0xc4, 0xfe, 0xad, 0x1a, 0xc0, 0xfa, 0x5f, 0x20, 0xbe, 0xfa,
	0x2d, 0x29, 0xbc, 0xfa, 0x11, 0x31, 0xba, 0xf9, 0x06, 0x30, 0xb9, 0xfa,
	0x02, 0x2c, 0xb8, 0xfc, 0x00, 0x00, 0x00, 0x00, 0x00, 0x00, 0x00, 0x00,
	0x00, 0x00, 0x00, 0x00, 0x00, 0x00, 0x00, 0x00, 0x00, 0x00, 0x00, 0x00,
	0x00, 0x00, 0x00, 0x00, 0x01, 0x15, 0x81, 0xbb, 0x05, 0x16, 0x86, 0xbf,
	0x0d, 0x1a, 0x8f, 0xc9, 0x23, 0x18, 0x9c, 0xd7, 0x43, 0x11, 0xab, 0xe8,
	0x6d, 0x12, 0xb9, 0xf2, 0xb7, 0x15, 0xc4, 0xf3, 0xd7, 0x10, 0xd0, 0xf8,
	0xd5, 0x10, 0xda, 0xfa, 0xd4, 0x12, 0xe3, 0xfa, 0xd4, 0x15, 0xea, 0xfa,
	0xd4, 0x19, 0xee, 0xf9, 0xd6, 0x1e, 0xf0, 0xf9, 0xda, 0x24, 0xf0, 0xf8,
	0xe2, 0x2b, 0xe7, 0xf6, 0xee, 0x31, 0xd7, 0xf6, 0xfa, 0x3f, 0xca, 0xfb,
	0xfe, 0x51, 0xc2, 0xfe, 0xff, 0x5b, 0xbd, 0xff, 0xff, 0x5d, 0xbd, 0xff,
	0xff, 0x5f, 0xc3, 0xff, 0xff, 0x5f, 0xc9, 0xff, 0xff, 0x59, 0xcc, 0xff,
	0xff, 0x40, 0xb6, 0xfc, 0xff, 0x31, 0xaa, 0xf3, 0xff, 0x49, 0xc5, 0xfe,
	0xff, 0x50, 0xc7, 0xff, 0xff, 0x4b, 0xc0, 0xfe, 0xff, 0x3b, 0xbd, 0xfa,
	0xfd, 0x23, 0xbd, 0xf8, 0xf8, 0x12, 0xc0, 0xfb, 0xf5, 0x0f, 0xc9, 0xfe,
	0xf4, 0x0f, 0xd1, 0xfe, 0xf6, 0x0e, 0xd9, 0xfe, 0xf8, 0x0f, 0xe3, 0xfe,
	0xf9, 0x10, 0xee, 0xff, 0xfa, 0x10, 0xf8, 0xff, 0xfa, 0x11, 0xfc, 0xff,
	0xfa, 0x11, 0xfe, 0xff, 0xf9, 0x12, 0xfe, 0xff, 0xf2, 0x14, 0xfb, 0xfe,
	0xe1, 0x27, 0xef, 0xf7, 0x67, 0x2f, 0xed, 0xf6, 0x3b, 0x45, 0xe2, 0xf4,
	0x16, 0x46, 0xe2, 0xf4, 0x06, 0x39, 0xea, 0xf9, 0x02, 0x2f, 0xee, 0xfc,
	0x00, 0x00, 0x00, 0x00, 0x00, 0x00, 0x00, 0x00, 0x00, 0x00, 0x00, 0x00,
	0x00, 0x00, 0x00, 0x00, 0x00, 0x00, 0x00, 0x00, 0x00, 0x00, 0x00, 0x00,
	0x00, 0x00, 0x00, 0x00, 0x00, 0x00, 0x00, 0x00, 0x00, 0x00, 0x00, 0x00,
	0x00, 0x00, 0x00, 0x00, 0x00, 0x00, 0x00, 0x00, 0x00, 0x00, 0x00, 0x00,
	0x00, 0x00, 0x00, 0x00, 0x00, 0x00, 0x00, 0x00, 0x00, 0x00, 0x00, 0x00,
	0x01, 0x0a, 0xa9, 0xfd, 0x45, 0x0a, 0xaa, 0xfd, 0xe1, 0x0c, 0xab, 0xfe,
	0xff, 0x0e, 0xac, 0xfe, 0xff, 0x0c, 0xac, 0xfe, 0xff, 0x09, 0xb1, 0xff,
	0xff, 0x09, 0xb9, 0xff, 0xff, 0x0b, 0xc0, 0xff, 0xff, 0x0d, 0xc5, 0xff,
	0xff, 0x0a, 0xc8, 0xff, 0xff, 0x0a, 0xcb, 0xff, 0xfe, 0x0e, 0xcd, 0xff,
	0xfa, 0x11, 0xcc, 0xff, 0xea, 0x11, 0xcb, 0xff, 0xd0, 0x16, 0xc6, 0xfb,
	0x75, 0x19, 0xc2, 0xf9, 0x31, 0x1d, 0xc0, 0xf9, 0x16, 0x25, 0xbd, 0xf7,
	0x08, 0x27, 0xbc, 0xf8, 0x03, 0x2f, 0xbb, 0xf8, 0x01, 0x33, 0xba, 0xf8,
	0x00, 0x00, 0x00, 0x00, 0x00, 0x00, 0x00, 0x00, 0x00, 0x00, 0x00, 0x00,
	0x00, 0x00, 0x00, 0x00, 0x00, 0x00, 0x00, 0x00, 0x00, 0x00, 0x00, 0x00,
	0x00, 0x00, 0x00, 0x00, 0x00, 0x00, 0x00, 0x00, 0x01, 0x1c, 0x8a, 0xc2,
	0x02, 0x21, 0x92, 0xc9, 0x03, 0x17, 0xa3, 0xde, 0x09, 0x16, 0xaf, 0xe9,
	0x19, 0x1b, 0xb9, 0xec, 0x30, 0x19, 0xc3, 0xf0, 0x3f, 0x14, 0xcf, 0xf6,
	0x43, 0x14, 0xd9, 0xf8, 0x43, 0x15, 0xe1, 0xf8, 0x43, 0x18, 0xe8, 0xf8,
	0x43, 0x1e, 0xeb, 0xf8, 0x43, 0x24, 0xed, 0xf8, 0x41, 0x2c, 0xeb, 0xf6,
	0x43, 0x35, 0xdc, 0xf3, 0x7e, 0x4a, 0xb3, 0xee, 0xce, 0x56, 0xa7, 0xf2,
	0xf4, 0x60, 0xa9, 0xf8, 0xfd, 0x63, 0xab, 0xfd, 0xff, 0x60, 0xa9, 0xfd,
	0xff, 0x66, 0xb6, 0xfe, 0xff, 0x6b, 0xc4, 0xff, 0xff, 0x6f, 0xcc, 0xff,
	0xff, 0x68, 0xc2, 0xfe, 0xff, 0x51, 0xa8, 0xf9, 0xff, 0x6a, 0xc3, 0xfd,
	0xff, 0x9a, 0xef, 0xff, 0xff, 0xaf, 0xf4, 0xfe, 0xf9, 0xa8, 0xea, 0xf8,
	0xd9, 0x78, 0xce, 0xe8, 0x95, 0x39, 0xb6, 0xdd, 0x60, 0x24, 0xc6, 0xec,
	0x5c, 0x23, 0xce, 0xef, 0x73, 0x28, 0xd3, 0xec, 0x7c, 0x2b, 0xd7, 0xeb,
	0x7a, 0x2f, 0xdd, 0xec, 0x79, 0x32, 0xe1, 0xee, 0x74, 0x33, 0xe3, 0xef,
	0x74, 0x33, 0xe3, 0xef, 0x7d, 0x31, 0xe4, 0xef, 0x6f, 0x37, 0xe1, 0xef,
	0x3d, 0x36, 0xe4, 0xf1, 0x13, 0x35, 0xe7, 0xf3, 0x07, 0x3e, 0xe5, 0xf4,
	0x03, 0x4c, 0xde, 0xf1, 0x01, 0x50, 0xdc, 0xf2, 0x00, 0x00, 0x00, 0x00,
	0x00, 0x00, 0x00, 0x00, 0x00, 0x00, 0x00, 0x00, 0x00, 0x00, 0x00, 0x00,
	0x00, 0x00, 0x00, 0x00, 0x00, 0x00, 0x00, 0x00, 0x00, 0x00, 0x00, 0x00,
	0x00, 0x00, 0x00, 0x00, 0x00, 0x00, 0x00, 0x00, 0x00, 0x00, 0x00, 0x00,
	0x00, 0x00, 0x00, 0x00, 0x00, 0x00, 0x00, 0x00, 0x00, 0x00, 0x00, 0x00,
	0x00, 0x00, 0x00, 0x00, 0x00, 0x00, 0x00, 0x00, 0x00, 0x00, 0x00, 0x00,
	0x01, 0x0f, 0xba, 0xff, 0x45, 0x0f, 0xba, 0xff, 0xe1, 0x0f, 0xbb, 0xff,
	0xff, 0x0e, 0xbd, 0xff, 0xff, 0x0c, 0xbc, 0xff, 0xff, 0x09, 0xbd, 0xff,
	0xff, 0x0b, 0xc2, 0xff, 0xff, 0x0d, 0xc7, 0xff, 0xff, 0x0e, 0xcb, 0xff,
	0xfd, 0x0d, 0xce, 0xff, 0xf9, 0x0e, 0xcf, 0xff, 0xe9, 0x11, 0xcd, 0xfe,
	0xcd, 0x14, 0xc9, 0xfd, 0x7f, 0x16, 0xc6, 0xfb, 0x39, 0x18, 0xc5, 0xfb,
	0x1c, 0x1c, 0xc2, 0xf8, 0x08, 0x1e, 0xc0, 0xf7, 0x03, 0x23, 0xbe, 0xf7,
	0x01, 0x27, 0xbd, 0xf7, 0x00, 0x00, 0x00, 0x00, 0x00, 0x00, 0x00, 0x00,
	0x00, 0x00, 0x00, 0x00, 0x00, 0x00, 0x00, 0x00, 0x00, 0x00, 0x00, 0x00,
	0x00, 0x00, 0x00, 0x00, 0x00, 0x00, 0x00, 0x00, 0x00, 0x00, 0x00, 0x00,
	0x00, 0x00, 0x00, 0x00, 0x00, 0x00, 0x00, 0x00, 0x00, 0x00, 0x00, 0x00,
	0x00, 0x00, 0x00, 0x00, 0x00, 0x00, 0x00, 0x00, 0x01, 0x1c, 0xb0, 0xe7,
	0x02, 0x1c, 0xbc, 0xec, 0x05, 0x19, 0xc6, 0xf1, 0x07, 0x16, 0xd0, 0xf5,
	0x09, 0x15, 0xd8, 0xf7, 0x09, 0x17, 0xe0, 0xf7, 0x09, 0x1a, 0xe6, 0xf8,
	0x09, 0x1f, 0xea, 0xf8, 0x09, 0x26, 0xeb, 0xf7, 0x08, 0x2e, 0xe6, 0xf5,
	0x0b, 0x41, 0xc4, 0xef, 0x1e, 0x54, 0xa4, 0xeb, 0x61, 0x5a, 0x9c, 0xec,
	0xbd, 0x5f, 0xa0, 0xf0, 0xf1, 0x61, 0xa3, 0xf8, 0xfd, 0x5d, 0x9e, 0xfa,
	0xff, 0x58, 0xa0, 0xfa, 0xff, 0x5f, 0xb3, 0xfc, 0xff, 0x65, 0xc0, 0xfe,
	0xff, 0x6a, 0xc0, 0xff, 0xff, 0x5a, 0xaa, 0xfd, 0xff, 0x5a, 0xad, 0xfc,
	0xff, 0x8c, 0xe1, 0xff, 0xfe, 0xb7, 0xfb, 0xff, 0xed, 0xc1, 0xf8, 0xfa,
	0x9c, 0xab, 0xe1, 0xea, 0x30, 0x68, 0xac, 0xc5, 0x0d, 0x39, 0xba, 0xdb,
	0x0b, 0x32, 0xc7, 0xe3, 0x0e, 0x34, 0xcc, 0xe2, 0x0f, 0x37, 0xcf, 0xe2,
	0x0d, 0x3d, 0xd2, 0xe3, 0x0c, 0x42, 0xd5, 0xe5, 0x0b, 0x44, 0xd5, 0xe6,
	0x0b, 0x43, 0xd5, 0xe6, 0x0e, 0x41, 0xd7, 0xe8, 0x0e, 0x49, 0xd3, 0xe8,
	0x06, 0x47, 0xd6, 0xea, 0x01, 0x3c, 0xe1, 0xef, 0x00, 0x00, 0x00, 0x00,
	0x00, 0x00, 0x00, 0x00, 0x00, 0x00, 0x00, 0x00, 0x00, 0x00, 0x00, 0x00,
	0x00, 0x00, 0x00, 0x00, 0x00, 0x00, 0x00, 0x00, 0x00, 0x00, 0x00, 0x00,
	0x00, 0x00, 0x00, 0x00, 0x00, 0x00, 0x00, 0x00, 0x00, 0x00, 0x00, 0x00,
	0x00, 0x00, 0x00, 0x00, 0x00, 0x00, 0x00, 0x00, 0x00, 0x00, 0x00, 0x00,
	0x00, 0x00, 0x00, 0x00, 0x00, 0x00, 0x00, 0x00, 0x00, 0x00, 0x00, 0x00,
	0x00, 0x00, 0x00, 0x00, 0x00, 0x00, 0x00, 0x00, 0x00, 0x00, 0x00, 0x00,
	0x01, 0x13, 0xc9, 0xff, 0x45, 0x12, 0xc9, 0xff, 0xe1, 0x0f, 0xc9, 0xff,
	0xff, 0x0c, 0xc8, 0xff, 0xff, 0x0c, 0xc6, 0xff, 0xff, 0x0c, 0xc5, 0xff,
	0xff, 0x0b, 0xc8, 0xff, 0xfe, 0x0b, 0xcc, 0xff, 0xfa, 0x0c, 0xcf, 0xff,
	0xea, 0x0f, 0xce, 0xfe, 0xcb, 0x15, 0xcb, 0xfc, 0x88, 0x19, 0xc7, 0xfa,
	0x3a, 0x18, 0xc5, 0xfa, 0x1b, 0x18, 0xc4, 0xfa, 0x0a, 0x1a, 0xc4, 0xf9,
	0x03, 0x1b, 0xc4, 0xf8, 0x01, 0x1f, 0xc0, 0xf5, 0x00, 0x00, 0x00, 0x00,
	0x00, 0x00, 0x00, 0x00, 0x00, 0x00, 0x00, 0x00, 0x00, 0x00, 0x00, 0x00,
	0x00, 0x00, 0x00, 0x00, 0x00, 0x00, 0x00, 0x00, 0x00, 0x00, 0x00, 0x00,
	0x00, 0x00, 0x00, 0x00, 0x00, 0x00, 0x00, 0x00, 0x00, 0x00, 0x00, 0x00,
	0x00, 0x00, 0x00, 0x00, 0x00, 0x00, 0x00, 0x00, 0x00, 0x00, 0x00, 0x00,
	0x00, 0x00, 0x00, 0x00, 0x00, 0x00, 0x00, 0x00, 0x00, 0x00, 0x00, 0x00,
	0x00, 0x00, 0x00, 0x00, 0x00, 0x00, 0x00, 0x00, 0x00, 0x00, 0x00, 0x00,
	0x01, 0x15, 0xd6, 0xf6, 0x01, 0x16, 0xd9, 0xf6, 0x00, 0x00, 0x00, 0x00,
	0x01, 0x21, 0xea, 0xf7, 0x01, 0x24, 0xea, 0xf7, 0x01, 0x29, 0xe6, 0xf6,
	0x01, 0x50, 0xa8, 0xec, 0x07, 0x58, 0x9c, 0xeb, 0x19, 0x5b, 0x9b, 0xeb,
	0x5d, 0x5b, 0x9b, 0xec, 0xbf, 0x5c, 0x9d, 0xf1, 0xf2, 0x5c, 0x9f, 0xf8,
	0xfe, 0x60, 0xa7, 0xfd, 0xff, 0x60, 0xab, 0xfc, 0xff, 0x5a, 0xab, 0xfc,
	0xff, 0x5b, 0xb2, 0xfe, 0xff, 0x5d, 0xb6, 0xff, 0xff, 0x5b, 0xb3, 0xfd,
	0xff, 0x6f, 0xc8, 0xfd, 0xfe, 0xa4, 0xf2, 0xff, 0xe8, 0xbb, 0xfc, 0xfd,
	0x82, 0xb7, 0xf5, 0xf7, 0x12, 0x90, 0xc1, 0xcf, 0x01, 0x66, 0xb1, 0xc8,
	0x00, 0x00, 0x00, 0x00, 0x00, 0x00, 0x00, 0x00, 0x00, 0x00, 0x00, 0x00,
	0x00, 0x00, 0x00, 0x00, 0x00, 0x00, 0x00, 0x00, 0x00, 0x00, 0x00, 0x00,
	0x00, 0x00, 0x00, 0x00, 0x00, 0x00, 0x00, 0x00, 0x00, 0x00, 0x00, 0x00,
	0x00, 0x00, 0x00, 0x00, 0x00, 0x00, 0x00, 0x00, 0x00, 0x00, 0x00, 0x00,
	0x00, 0x00, 0x00, 0x00, 0x00, 0x00, 0x00, 0x00, 0x00, 0x00, 0x00, 0x00,
	0x00, 0x00, 0x00, 0x00, 0x00, 0x00, 0x00, 0x00, 0x00, 0x00, 0x00, 0x00,
	0x00, 0x00, 0x00, 0x00, 0x00, 0x00, 0x00, 0x00, 0x00, 0x00, 0x00, 0x00,
	0x00, 0x00, 0x00, 0x00, 0x00, 0x00, 0x00, 0x00, 0x00, 0x00, 0x00, 0x00,
	0x00, 0x00, 0x00, 0x00, 0x00, 0x00, 0x00, 0x00, 0x00, 0x00, 0x00, 0x00,
	0x00, 0x00, 0x00, 0x00, 0x00, 0x00, 0x00, 0x00, 0x00, 0x00, 0x00, 0x00,
	0x01, 0x11, 0xcf, 0xff, 0x45, 0x11, 0xcf, 0xff, 0xe1, 0x10, 0xce, 0xff,
	0xff, 0x0d, 0xcd, 0xff, 0xff, 0x0d, 0xcc, 0xff, 0xff, 0x0d, 0xcb, 0xff,
	0xfc, 0x0b, 0xcc, 0xff, 0xf7, 0x0d, 0xce, 0xfe, 0xe0, 0x12, 0xcd, 0xfd,
	0x9d, 0x15, 0xc9, 0xfc, 0x48, 0x1b, 0xc5, 0xf7, 0x1d, 0x1c, 0xc4, 0xf7,
	0x0b, 0x1c, 0xc2, 0xf8, 0x04, 0x1b, 0xc3, 0xf8, 0x02, 0x1a, 0xc3, 0xf9,
	0x00, 0x00, 0x00, 0x00, 0x00, 0x00, 0x00, 0x00, 0x00, 0x00, 0x00, 0x00,
	0x00, 0x00, 0x00, 0x00, 0x00, 0x00, 0x00, 0x00, 0x00, 0x00, 0x00, 0x00,
	0x00, 0x00, 0x00, 0x00, 0x00, 0x00, 0x00, 0x00, 0x00, 0x00, 0x00, 0x00,
	0x00, 0x00, 0x00, 0x00, 0x00, 0x00, 0x00, 0x00, 0x00, 0x00, 0x00, 0x00,
	0x00, 0x00, 0x00, 0x00, 0x00, 0x00, 0x00, 0x00, 0x00, 0x00, 0x00, 0x00,
	0x00, 0x00, 0x00, 0x00, 0x00, 0x00, 0x00, 0x00, 0x00, 0x00, 0x00, 0x00,
	0x00, 0x00, 0x00, 0x00, 0x00, 0x00, 0x00, 0x00, 0x00, 0x00, 0x00, 0x00,
	0x00, 0x00, 0x00, 0x00, 0x00, 0x00, 0x00, 0x00, 0x00, 0x00, 0x00, 0x00,
	0x00, 0x00, 0x00, 0x00, 0x00, 0x00, 0x00, 0x00, 0x00, 0x00, 0x00, 0x00,
	0x00, 0x00, 0x00, 0x00, 0x01, 0x5a, 0x9a, 0xea, 0x07, 0x5a, 0x99, 0xeb,
	0x1e, 0x5a, 0x99, 0xeb, 0x70, 0x59, 0x9a, 0xec, 0xd5, 0x5c, 0x9d, 0xf1,
	0xf9, 0x65, 0xaa, 0xfb, 0xff, 0x6f, 0xbc, 0xff, 0xff, 0x71, 0xc6, 0xff,
	0xff, 0x73, 0xd0, 0xff, 0xff, 0x77, 0xd7, 0xff, 0xff, 0x70, 0xcf, 0xff,
	0xff, 0x66, 0xc4, 0xfe, 0xfe, 0x8e, 0xe6, 0xff, 0xe8, 0xae, 0xfc, 0xfe,
	0x84, 0xb1, 0xf8, 0xf9, 0x15, 0x9b, 0xd6, 0xde, 0x01, 0x94, 0xcd, 0xd8,
	0x00, 0x00, 0x00, 0x00, 0x00, 0x00, 0x00, 0x00, 0x00, 0x00, 0x00, 0x00,
	0x00, 0x00, 0x00, 0x00, 0x00, 0x00, 0x00, 0x00, 0x00, 0x00, 0x00, 0x00,
	0x00, 0x00, 0x00, 0x00, 0x00, 0x00, 0x00, 0x00, 0x00, 0x00, 0x00, 0x00,
	0x00, 0x00, 0x00, 0x00, 0x00, 0x00, 0x00, 0x00, 0x00, 0x00, 0x00, 0x00,
	0x00, 0x00, 0x00, 0x00, 0x00, 0x00, 0x00, 0x00, 0x00, 0x00, 0x00, 0x00,
	0x00, 0x00, 0x00, 0x00, 0x00, 0x00, 0x00, 0x00, 0x00, 0x00, 0x00, 0x00,
	0x00, 0x00, 0x00, 0x00, 0x00, 0x00, 0x00, 0x00, 0x00, 0x00, 0x00, 0x00,
	0x00, 0x00, 0x00, 0x00, 0x00, 0x00, 0x00, 0x00, 0x00, 0x00, 0x00, 0x00,
	0x00, 0x00, 0x00, 0x00, 0x00, 0x00, 0x00, 0x00, 0x00, 0x00, 0x00, 0x00,
	0x00, 0x00, 0x00, 0x00, 0x00, 0x00, 0x00, 0x00, 0x00, 0x00, 0x00, 0x00,
	0x01, 0x10, 0xd0, 0xff, 0x45, 0x10, 0xd0, 0xff, 0xe0, 0x10, 0xd0, 0xff,
	0xff, 0x0f, 0xd0, 0xff, 0xfd, 0x0d, 0xd0, 0xff, 0xf8, 0x0e, 0xcd, 0xff,
	0xe6, 0x10, 0xcb, 0xfe, 0xbe, 0x14, 0xc7, 0xfb, 0x80, 0x1a, 0xc2, 0xf7,
	0x30, 0x1c, 0xc1, 0xf6, 0x0d, 0x1b, 0xc4, 0xf8, 0x03, 0x1e, 0xc1, 0xf5,
	0x01, 0x1e, 0xc1, 0xf6, 0x00, 0x00, 0x00, 0x00, 0x00, 0x00, 0x00, 0x00,
	0x00, 0x00, 0x00, 0x00, 0x00, 0x00, 0x00, 0x00, 0x00, 0x00, 0x00, 0x00,
	0x00, 0x00, 0x00, 0x00, 0x00, 0x00, 0x00, 0x00, 0x00, 0x00, 0x00, 0x00,
	0x00, 0x00, 0x00, 0x00, 0x00, 0x00, 0x00, 0x00, 0x00, 0x00, 0x00, 0x00,
	0x00, 0x00, 0x00, 0x00, 0x00, 0x00, 0x00, 0x00, 0x00, 0x00, 0x00, 0x00,
	0x00, 0x00, 0x00, 0x00, 0x00, 0x00, 0x00, 0x00, 0x00, 0x00, 0x00, 0x00,
	0x00, 0x00, 0x00, 0x00, 0x00, 0x00, 0x00, 0x00, 0x00, 0x00, 0x00, 0x00,
	0x00, 0x00, 0x00, 0x00, 0x00, 0x00, 0x00, 0x00, 0x00, 0x00, 0x00, 0x00,
	0x00, 0x00, 0x00, 0x00, 0x00, 0x00, 0x00, 0x00, 0x00, 0x00, 0x00, 0x00,
	0x00, 0x00, 0x00, 0x00, 0x00, 0x00, 0x00, 0x00, 0x00, 0x00, 0x00, 0x00,
	0x00, 0x00, 0x00, 0x00, 0x00, 0x00, 0x00, 0x00, 0x02, 0x58, 0x97, 0xe7,
	0x0e, 0x58, 0x97, 0xe7, 0x46, 0x58, 0x98, 0xe6, 0xa5, 0x5c, 0x9c, 0xec,
	0xe5, 0x68, 0xa9, 0xf8, 0xf9, 0x77, 0xbf, 0xfe, 0xff, 0x7e, 0xd1, 0xff,
	0xff, 0x85, 0xe2, 0xff, 0xff, 0x87, 0xeb, 0xff, 0xff, 0x7f, 0xe5, 0xff,
	0xff, 0x6f, 0xd0, 0xff, 0xfe, 0x81, 0xdd, 0xff, 0xed, 0xa4, 0xf7, 0xfd,
	0x9d, 0xab, 0xf5, 0xf7, 0x2e, 0x9e, 0xe0, 0xe6, 0x03, 0x9d, 0xde, 0xe5,
	0x00, 0x00, 0x00, 0x00, 0x00, 0x00, 0x00, 0x00, 0x00, 0x00, 0x00, 0x00,
	0x00, 0x00, 0x00, 0x00, 0x00, 0x00, 0x00, 0x00, 0x00, 0x00, 0x00, 0x00,
	0x00, 0x00, 0x00, 0x00, 0x00, 0x00, 0x00, 0x00, 0x00, 0x00, 0x00, 0x00,
	0x00, 0x00, 0x00, 0x00, 0x00, 0x00, 0x00, 0x00, 0x00, 0x00, 0x00, 0x00,
	0x00, 0x00, 0x00, 0x00, 0x00, 0x00, 0x00, 0x00, 0x00, 0x00, 0x00, 0x00,
	0x00, 0x00, 0x00, 0x00, 0x00, 0x00, 0x00, 0x00, 0x00, 0x00, 0x00, 0x00,
	0x00, 0x00, 0x00, 0x00, 0x00, 0x00, 0x00, 0x00, 0x00, 0x00, 0x00, 0x00,
	0x00, 0x00, 0x00, 0x00, 0x00, 0x00, 0x00, 0x00, 0x00, 0x00, 0x00, 0x00,
	0x00, 0x00, 0x00, 0x00, 0x00, 0x00, 0x00, 0x00, 0x00, 0x00, 0x00, 0x00,
	0x00, 0x00, 0x00, 0x00, 0x00, 0x00, 0x00, 0x00, 0x00, 0x00, 0x00, 0x00,
	0x01, 0x10, 0xcd, 0xff, 0x44, 0x10, 0xcd, 0xff, 0xdb, 0x10, 0xcd, 0xff,
	0xf4, 0x10, 0xcb, 0xff, 0xe2, 0x11, 0xc6, 0xfc, 0xb5, 0x13, 0xc4, 0xfb,
	0x84, 0x17, 0xc0, 0xf9, 0x43, 0x1c, 0xba, 0xf4, 0x17, 0x1e, 0xbc, 0xf2,
	0x09, 0x1c, 0xbe, 0xf4, 0x02, 0x1e, 0xbf, 0xf4, 0x00, 0x00, 0x00, 0x00,
	0x00, 0x00, 0x00, 0x00, 0x00, 0x00, 0x00, 0x00, 0x00, 0x00, 0x00, 0x00,
	0x00, 0x00, 0x00, 0x00, 0x00, 0x00, 0x00, 0x00, 0x00, 0x00, 0x00, 0x00,
	0x00, 0x00, 0x00, 0x00, 0x00, 0x00, 0x00, 0x00, 0x00, 0x00, 0x00, 0x00,
	0x00, 0x00, 0x00, 0x00, 0x00, 0x00, 0x00, 0x00, 0x00, 0x00, 0x00, 0x00,
	0x00, 0x00, 0x00, 0x00, 0x00, 0x00, 0x00, 0x00, 0x00, 0x00, 0x00, 0x00,
	0x00, 0x00, 0x00, 0x00, 0x00, 0x00, 0x00, 0x00, 0x00, 0x00, 0x00, 0x00,
	0x00, 0x00, 0x00, 0x00, 0x00, 0x00, 0x00, 0x00, 0x00, 0x00, 0x00, 0x00,
	0x00, 0x00, 0x00, 0x00, 0x00, 0x00, 0x00, 0x00, 0x00, 0x00, 0x00, 0x00,
	0x00, 0x00, 0x00, 0x00, 0x00, 0x00, 0x00, 0x00, 0x00, 0x00, 0x00, 0x00,
	0x00, 0x00, 0x00, 0x00, 0x00, 0x00, 0x00, 0x00, 0x00, 0x00, 0x00, 0x00,
	0x00, 0x00, 0x00, 0x00, 0x00, 0x00, 0x00, 0x00, 0x01, 0x58, 0x96, 0xe5,
	0x07, 0x57, 0x96, 0xe4, 0x17, 0x5b, 0x97, 0xe6, 0x4c, 0x5e, 0x99, 0xe6,
	0x99, 0x6a, 0xa7, 0xf4, 0xe3, 0x77, 0xb9, 0xfe, 0xfb, 0x83, 0xce, 0xff,
	0xff, 0x8c, 0xe4, 0xff, 0xff, 0x91, 0xf3, 0xff, 0xff, 0x8c, 0xf3, 0xff,
	0xff, 0x7f, 0xe5, 0xff, 0xff, 0x80, 0xe1, 0xff, 0xf8, 0xa0, 0xf4, 0xfd,
	0xc8, 0xab, 0xf4, 0xf6, 0x57, 0xa3, 0xe8, 0xeb, 0x06, 0xa5, 0xe7, 0xec,
	0x00, 0x00, 0x00, 0x00, 0x00, 0x00, 0x00, 0x00, 0x00, 0x00, 0x00, 0x00,
	0x00, 0x00, 0x00, 0x00, 0x00, 0x00, 0x00, 0x00, 0x00, 0x00, 0x00, 0x00,
	0x00, 0x00, 0x00, 0x00, 0x00, 0x00, 0x00, 0x00, 0x00, 0x00, 0x00, 0x00,
	0x00, 0x00, 0x00, 0x00, 0x00, 0x00, 0x00, 0x00, 0x00, 0x00, 0x00, 0x00,
	0x00, 0x00, 0x00, 0x00, 0x00, 0x00, 0x00, 0x00, 0x00, 0x00, 0x00, 0x00,
	0x00, 0x00, 0x00, 0x00, 0x00, 0x00, 0x00, 0x00, 0x00, 0x00, 0x00, 0x00,
	0x00, 0x00, 0x00, 0x00, 0x00, 0x00, 0x00, 0x00, 0x00, 0x00, 0x00, 0x00,
	0x00, 0x00, 0x00, 0x00, 0x00, 0x00, 0x00, 0x00, 0x00, 0x00, 0x00, 0x00,
	0x00, 0x00, 0x00, 0x00, 0x00, 0x00, 0x00, 0x00, 0x00, 0x00, 0x00, 0x00,
	0x00, 0x00, 0x00, 0x00, 0x00, 0x00, 0x00, 0x00, 0x00, 0x00, 0x00, 0x00,
	0x01, 0x14, 0xba, 0xf6, 0x3e, 0x14, 0xbb, 0xf7, 0xa8, 0x13, 0xbe, 0xf9,
	0x8c, 0x12, 0xc1, 0xfc, 0x73, 0x19, 0xb7, 0xf5, 0x38, 0x1f, 0xb1, 0xed,
	0x10, 0x19, 0xbe, 0xf6, 0x08, 0x1c, 0xbc, 0xf4, 0x03, 0x1f, 0xb9, 0xf1,
	0x01, 0x1f, 0xbb, 0xf1, 0x00, 0x00, 0x00, 0x00, 0x00, 0x00, 0x00, 0x00,
	0x00, 0x00, 0x00, 0x00, 0x00, 0x00, 0x00, 0x00, 0x00, 0x00, 0x00, 0x00,
	0x00, 0x00, 0x00, 0x00, 0x00, 0x00, 0x00, 0x00, 0x00, 0x00, 0x00, 0x00,
	0x00, 0x00, 0x00, 0x00, 0x00, 0x00, 0x00, 0x00, 0x00, 0x00, 0x00, 0x00,
	0x00, 0x00, 0x00, 0x00, 0x00, 0x00, 0x00, 0x00, 0x00, 0x00, 0x00, 0x00,
	0x00, 0x00, 0x00, 0x00, 0x00, 0x00, 0x00, 0x00, 0x00, 0x00, 0x00, 0x00,
	0x00, 0x00, 0x00, 0x00, 0x00, 0x00, 0x00, 0x00, 0x00, 0x00, 0x00, 0x00,
	0x00, 0x00, 0x00, 0x00, 0x00, 0x00, 0x00, 0x00, 0x00, 0x00, 0x00, 0x00,
	0x00, 0x00, 0x00, 0x00, 0x00, 0x00, 0x00, 0x00, 0x00, 0x00, 0x00, 0x00,
	0x00, 0x00, 0x00, 0x00, 0x00, 0x00, 0x00, 0x00, 0x00, 0x00, 0x00, 0x00,
	0x00, 0x00, 0x00, 0x00, 0x00, 0x00, 0x00, 0x00, 0x00, 0x00, 0x00, 0x00,
	0x00, 0x00, 0x00, 0x00, 0x00, 0x00, 0x00, 0x00, 0x00, 0x00, 0x00, 0x00,
	0x01, 0x5a, 0x95, 0xe4, 0x07, 0x5c, 0x97, 0xe5, 0x12, 0x64, 0xa0, 0xee,
	0x35, 0x6d, 0xaa, 0xf5, 0xaa, 0x72, 0xb3, 0xfb, 0xe7, 0x7e, 0xc7, 0xff,
	0xf5, 0x8a, 0xdf, 0xff, 0xfd, 0x93, 0xf1, 0xff, 0xff, 0x94, 0xfa, 0xff,
	0xff, 0x8d, 0xf5, 0xff, 0xff, 0x89, 0xee, 0xff, 0xfc, 0x9e, 0xf5, 0xfe,
	0xd8, 0xaf, 0xf7, 0xf9, 0x67, 0xac, 0xf0, 0xf2, 0x09, 0xaa, 0xec, 0xf0,
	0x01, 0xa4, 0xe1, 0xe7, 0x00, 0x00, 0x00, 0x00, 0x00, 0x00, 0x00, 0x00,
	0x00, 0x00, 0x00, 0x00, 0x00, 0x00, 0x00, 0x00, 0x00, 0x00, 0x00, 0x00,
	0x00, 0x00, 0x00, 0x00, 0x00, 0x00, 0x00, 0x00, 0x00, 0x00, 0x00, 0x00,
	0x00, 0x00, 0x00, 0x00, 0x00, 0x00, 0x00, 0x00, 0x00, 0x00, 0x00, 0x00,
	0x00, 0x00, 0x00, 0x00, 0x00, 0x00, 0x00, 0x00, 0x00, 0x00, 0x00, 0x00,
	0x00, 0x00, 0x00, 0x00, 0x00, 0x00, 0x00, 0x00, 0x00, 0x00, 0x00, 0x00,
	0x00, 0x00, 0x00, 0x00, 0x00, 0x00, 0x00, 0x00, 0x00, 0x00, 0x00, 0x00,
	0x00, 0x00, 0x00, 0x00, 0x00, 0x00, 0x00, 0x00, 0x00, 0x00, 0x00, 0x00,
	0x00, 0x00, 0x00, 0x00, 0x00, 0x00, 0x00, 0x00, 0x00, 0x00, 0x00, 0x00,
	0x00, 0x00, 0x00, 0x00, 0x00, 0x00, 0x00, 0x00, 0x00, 0x00, 0x00, 0x00,
	0x01, 0x1a, 0xa5, 0xeb, 0x1d, 0x1a, 0xa5, 0xeb, 0x3b, 0x1b, 0xa5, 0xea,
	0x0d, 0x1d, 0xb0, 0xeb, 0x08, 0x18, 0xb7, 0xf4, 0x05, 0x1c, 0xb2, 0xf0,
	0x02, 0x20, 0xb0, 0xec, 0x00, 0x00, 0x00, 0x00, 0x00, 0x00, 0x00, 0x00,
	0x00, 0x00, 0x00, 0x00, 0x00, 0x00, 0x00, 0x00, 0x00, 0x00, 0x00, 0x00,
	0x00, 0x00, 0x00, 0x00, 0x00, 0x00, 0x00, 0x00, 0x00, 0x00, 0x00, 0x00,
	0x00, 0x00, 0x00, 0x00, 0x00, 0x00, 0x00, 0x00, 0x00, 0x00, 0x00, 0x00,
	0x00, 0x00, 0x00, 0x00, 0x00, 0x00, 0x00, 0x00, 0x00, 0x00, 0x00, 0x00,
	0x00, 0x00, 0x00, 0x00, 0x00, 0x00, 0x00, 0x00, 0x00, 0x00, 0x00, 0x00,
	0x00, 0x00, 0x00, 0x00, 0x00, 0x00, 0x00, 0x00, 0x00, 0x00, 0x00, 0x00,
	0x00, 0x00, 0x00, 0x00, 0x00, 0x00, 0x00, 0x00, 0x00, 0x00, 0x00, 0x00,
	0x00, 0x00, 0x00, 0x00, 0x00, 0x00, 0x00, 0x00, 0x00, 0x00, 0x00, 0x00,
	0x00, 0x00, 0x00, 0x00, 0x00, 0x00, 0x00, 0x00, 0x00, 0x00, 0x00, 0x00,
	0x00, 0x00, 0x00, 0x00, 0x00, 0x00, 0x00, 0x00, 0x00, 0x00, 0x00, 0x00,
	0x00, 0x00, 0x00, 0x00, 0x00, 0x00, 0x00, 0x00, 0x00, 0x00, 0x00, 0x00,
	0x00, 0x00, 0x00, 0x00, 0x00, 0x00, 0x00, 0x00, 0x00, 0x00, 0x00, 0x00,
	0x00, 0x00, 0x00, 0x00, 0x01, 0x62, 0x9f, 0xec, 0x04, 0x68, 0xa6, 0xf2,
	0x14, 0x6e, 0xad, 0xf8, 0x4d, 0x6d, 0xb0, 0xf8, 0x85, 0x78, 0xc2, 0xff,
	0xca, 0x84, 0xd9, 0xff, 0xf3, 0x8f, 0xea, 0xff, 0xfd, 0x97, 0xfa, 0xff,
	0xff, 0x96, 0xfb, 0xff, 0xff, 0x95, 0xf8, 0xff, 0xfb, 0x9f, 0xf9, 0xff,
	0xd9, 0xb0, 0xfa, 0xfc, 0x6c, 0xb2, 0xf4, 0xf6, 0x0e, 0xa3, 0xe0, 0xe7,
	0x01, 0x91, 0xc5, 0xd1, 0x00, 0x00, 0x00, 0x00, 0x00, 0x00, 0x00, 0x00,
	0x00, 0x00, 0x00, 0x00, 0x00, 0x00, 0x00, 0x00, 0x00, 0x00, 0x00, 0x00,
	0x00, 0x00, 0x00, 0x00, 0x00, 0x00, 0x00, 0x00, 0x00, 0x00, 0x00, 0x00,
	0x00, 0x00, 0x00, 0x00, 0x00, 0x00, 0x00, 0x00, 0x00, 0x00, 0x00, 0x00,
	0x00, 0x00, 0x00, 0x00, 0x00, 0x00, 0x00, 0x00, 0x00, 0x00, 0x00, 0x00,
	0x00, 0x00, 0x00, 0x00, 0x00, 0x00, 0x00, 0x00, 0x00, 0x00, 0x00, 0x00,
	0x00, 0x00, 0x00, 0x00, 0x00, 0x00, 0x00, 0x00, 0x00, 0x00, 0x00, 0x00,
	0x00, 0x00, 0x00, 0x00, 0x00, 0x00, 0x00, 0x00, 0x00, 0x00, 0x00, 0x00,
	0x00, 0x00, 0x00, 0x00, 0x00, 0x00, 0x00, 0x00, 0x00, 0x00, 0x00, 0x00,
	0x00, 0x00, 0x00, 0x00, 0x00, 0x00, 0x00, 0x00, 0x00, 0x00, 0x00, 0x00,
	0x00, 0x00, 0x00, 0x00, 0x01, 0x1b, 0xa3, 0xea, 0x02, 0x1b, 0xa3, 0xe9,
	0x01, 0x1c, 0xa5, 0xea, 0x00, 0x00, 0x00, 0x00, 0x00, 0x00, 0x00, 0x00,
	0x00, 0x00, 0x00, 0x00, 0x00, 0x00, 0x00, 0x00, 0x00, 0x00, 0x00, 0x00,
	0x00, 0x00, 0x00, 0x00, 0x00, 0x00, 0x00, 0x00, 0x00, 0x00, 0x00, 0x00,
	0x00, 0x00, 0x00, 0x00, 0x00, 0x00, 0x00, 0x00, 0x00, 0x00, 0x00, 0x00,
	0x00, 0x00, 0x00, 0x00, 0x00, 0x00, 0x00, 0x00, 0x00, 0x00, 0x00, 0x00,
	0x00, 0x00, 0x00, 0x00, 0x00, 0x00, 0x00, 0x00, 0x00, 0x00, 0x00, 0x00,
	0x00, 0x00, 0x00, 0x00, 0x00, 0x00, 0x00, 0x00, 0x00, 0x00, 0x00, 0x00,
	0x00, 0x00, 0x00, 0x00, 0x00, 0x00, 0x00, 0x00, 0x00, 0x00, 0x00, 0x00,
	0x00, 0x00, 0x00, 0x00, 0x00, 0x00, 0x00, 0x00, 0x00, 0x00, 0x00, 0x00,
	0x00, 0x00, 0x00, 0x00, 0x00, 0x00, 0x00, 0x00, 0x00, 0x00, 0x00, 0x00,
	0x00, 0x00, 0x00, 0x00, 0x00, 0x00, 0x00, 0x00, 0x00, 0x00, 0x00, 0x00,
	0x00, 0x00, 0x00, 0x00, 0x00, 0x00, 0x00, 0x00, 0x00, 0x00, 0x00, 0x00,
	0x00, 0x00, 0x00, 0x00, 0x00, 0x00, 0x00, 0x00, 0x00, 0x00, 0x00, 0x00,
	0x00, 0x00, 0x00, 0x00, 0x00, 0x00, 0x00, 0x00, 0x00, 0x00, 0x00, 0x00,
	0x00, 0x00, 0x00, 0x00, 0x00, 0x00, 0x00, 0x00, 0x01, 0x6c, 0xab, 0xf6,
	0x07, 0x6d, 0xaf, 0xf8, 0x0f, 0x75, 0xb9, 0xfa, 0x21, 0x78, 0xc4, 0xfc,
	0x69, 0x81, 0xd4, 0xfe, 0xd7, 0x88, 0xe2, 0xfe, 0xf6, 0x94, 0xf3, 0xff,
	0xfe, 0x9a, 0xfa, 0xff, 0xff, 0x9c, 0xfc, 0xff, 0xfb, 0xa1, 0xfc, 0xff,
	0xda, 0xac, 0xfb, 0xfd, 0x77, 0xad, 0xf1, 0xf5, 0x1a, 0x96, 0xd0, 0xdb,
	0x03, 0x80, 0xae, 0xc2, 0x00, 0x00, 0x00, 0x00, 0x00, 0x00, 0x00, 0x00,
	0x00, 0x00, 0x00, 0x00, 0x00, 0x00, 0x00, 0x00, 0x00, 0x00, 0x00, 0x00,
	0x00, 0x00, 0x00, 0x00, 0x00, 0x00, 0x00, 0x00, 0x00, 0x00, 0x00, 0x00,
	0x00, 0x00, 0x00, 0x00, 0x00, 0x00, 0x00, 0x00, 0x00, 0x00, 0x00, 0x00,
	0x00, 0x00, 0x00, 0x00, 0x00, 0x00, 0x00, 0x00, 0x00, 0x00, 0x00, 0x00,
	0x00, 0x00, 0x00, 0x00, 0x00, 0x00, 0x00, 0x00, 0x00, 0x00, 0x00, 0x00,
	0x00, 0x00, 0x00, 0x00, 0x00, 0x00, 0x00, 0x00, 0x00, 0x00, 0x00, 0x00,
	0x00, 0x00, 0x00, 0x00, 0x00, 0x00, 0x00, 0x00, 0x00, 0x00, 0x00, 0x00,
	0x00, 0x00, 0x00, 0x00, 0x00, 0x00, 0x00, 0x00, 0x00, 0x00, 0x00, 0x00,
	0x00, 0x00, 0x00, 0x00, 0x00, 0x00, 0x00, 0x00, 0x00, 0x00, 0x00, 0x00,
	0x00, 0x00, 0x00, 0x00, 0x01, 0x53, 0x74, 0x86, 0x02, 0x53, 0x74, 0x86,
	0x00, 0x00, 0x00, 0x00, 0x00, 0x00, 0x00, 0x00, 0x00, 0x00, 0x00, 0x00,
	0x00, 0x00, 0x00, 0x00, 0x00, 0x00, 0x00, 0x00, 0x00, 0x00, 0x00, 0x00,
	0x00, 0x00, 0x00, 0x00, 0x00, 0x00, 0x00, 0x00, 0x00, 0x00, 0x00, 0x00,
	0x00, 0x00, 0x00, 0x00, 0x00, 0x00, 0x00, 0x00, 0x00, 0x00, 0x00, 0x00,
	0x00, 0x00, 0x00, 0x00, 0x00, 0x00, 0x00, 0x00, 0x00, 0x00, 0x00, 0x00,
	0x00, 0x00, 0x00, 0x00, 0x00, 0x00, 0x00, 0x00, 0x00, 0x00, 0x00, 0x00,
	0x00, 0x00, 0x00, 0x00, 0x00, 0x00, 0x00, 0x00, 0x00, 0x00, 0x00, 0x00,
	0x00, 0x00, 0x00, 0x00, 0x00, 0x00, 0x00, 0x00, 0x00, 0x00, 0x00, 0x00,
	0x00, 0x00, 0x00, 0x00, 0x00, 0x00, 0x00, 0x00, 0x00, 0x00, 0x00, 0x00,
	0x00, 0x00, 0x00, 0x00, 0x00, 0x00, 0x00, 0x00, 0x00, 0x00, 0x00, 0x00,
	0x00, 0x00, 0x00, 0x00, 0x00, 0x00, 0x00, 0x00, 0x00, 0x00, 0x00, 0x00,
	0x00, 0x00, 0x00, 0x00, 0x00, 0x00, 0x00, 0x00, 0x00, 0x00, 0x00, 0x00,
	0x00, 0x00, 0x00, 0x00, 0x00, 0x00, 0x00, 0x00, 0x00, 0x00, 0x00, 0x00,
	0x00, 0x00, 0x00, 0x00, 0x00, 0x00, 0x00, 0x00, 0x00, 0x00, 0x00, 0x00,
	0x00, 0x00, 0x00, 0x00, 0x00, 0x00, 0x00, 0x00, 0x00, 0x00, 0x00, 0x00,
	0x01, 0x75, 0xb6, 0xf9, 0x03, 0x79, 0xba, 0xf2, 0x0a, 0x7f, 0xc0, 0xea,
	0x20, 0x81, 0xd2, 0xf8, 0x82, 0x82, 0xd7, 0xf7, 0xd4, 0x8c, 0xe9, 0xfd,
	0xf4, 0x94, 0xf3, 0xfe, 0xfc, 0x99, 0xfa, 0xff, 0xfb, 0x9f, 0xfc, 0xff,
	0xe2, 0xa5, 0xf9, 0xfc, 0x90, 0x9f, 0xe9, 0xef, 0x33, 0x8a, 0xc4, 0xd2,
	0x0c, 0x78, 0xa3, 0xbc, 0x02, 0x6d, 0x92, 0xb0, 0x00, 0x00, 0x00, 0x00,
	0x00, 0x00, 0x00, 0x00, 0x00, 0x00, 0x00, 0x00, 0x00, 0x00, 0x00, 0x00,
	0x00, 0x00, 0x00, 0x00, 0x00, 0x00, 0x00, 0x00, 0x00, 0x00, 0x00, 0x00,
	0x00, 0x00, 0x00, 0x00, 0x00, 0x00, 0x00, 0x00, 0x00, 0x00, 0x00, 0x00,
	0x00, 0x00, 0x00, 0x00, 0x00, 0x00, 0x00, 0x00, 0x00, 0x00, 0x00, 0x00,
	0x00, 0x00, 0x00, 0x00, 0x00, 0x00, 0x00, 0x00, 0x00, 0x00, 0x00, 0x00,
	0x00, 0x00, 0x00, 0x00, 0x00, 0x00, 0x00, 0x00, 0x00, 0x00, 0x00, 0x00,
	0x00, 0x00, 0x00, 0x00, 0x00, 0x00, 0x00, 0x00, 0x00, 0x00, 0x00, 0x00,
	0x00, 0x00, 0x00, 0x00, 0x00, 0x00, 0x00, 0x00, 0x00, 0x00, 0x00, 0x00,
	0x00, 0x00, 0x00, 0x00, 0x00, 0x00, 0x00, 0x00, 0x00, 0x00, 0x00, 0x00,
	0x00, 0x00, 0x00, 0x00, 0x05, 0x53, 0x75, 0x85, 0x08, 0x53, 0x75, 0x85,
	0x00, 0x00, 0x00, 0x00, 0x00, 0x00, 0x00, 0x00, 0x00, 0x00, 0x00, 0x00,
	0x00, 0x00, 0x00, 0x00, 0x00, 0x00, 0x00, 0x00, 0x00, 0x00, 0x00, 0x00,
	0x00, 0x00, 0x00, 0x00, 0x00, 0x00, 0x00, 0x00, 0x00, 0x00, 0x00, 0x00,
	0x00, 0x00, 0x00, 0x00, 0x00, 0x00, 0x00, 0x00, 0x00, 0x00, 0x00, 0x00,
	0x00, 0x00, 0x00, 0x00, 0x00, 0x00, 0x00, 0x00, 0x00, 0x00, 0x00, 0x00,
	0x00, 0x00, 0x00, 0x00, 0x00, 0x00, 0x00, 0x00, 0x00, 0x00, 0x00, 0x00,
	0x00, 0x00, 0x00, 0x00, 0x00, 0x00, 0x00, 0x00, 0x00, 0x00, 0x00, 0x00,
	0x00, 0x00, 0x00, 0x00, 0x00, 0x00, 0x00, 0x00, 0x00, 0x00, 0x00, 0x00,
	0x00, 0x00, 0x00, 0x00, 0x00, 0x00, 0x00, 0x00, 0x00, 0x00, 0x00, 0x00,
	0x00, 0x00, 0x00, 0x00, 0x00, 0x00, 0x00, 0x00, 0x00, 0x00, 0x00, 0x00,
	0x00, 0x00, 0x00, 0x00, 0x00, 0x00, 0x00, 0x00, 0x00, 0x00, 0x00, 0x00,
	0x00, 0x00, 0x00, 0x00, 0x00, 0x00, 0x00, 0x00, 0x00, 0x00, 0x00, 0x00,
	0x00, 0x00, 0x00, 0x00, 0x00, 0x00, 0x00, 0x00, 0x00, 0x00, 0x00, 0x00,
	0x00, 0x00, 0x00, 0x00, 0x00, 0x00, 0x00, 0x00, 0x00, 0x00, 0x00, 0x00,
	0x00, 0x00, 0x00, 0x00, 0x00, 0x00, 0x00, 0x00, 0x00, 0x00, 0x00, 0x00,
	0x00, 0x00, 0x00, 0x00, 0x01, 0x82, 0xb4, 0xd9, 0x03, 0x83, 0xb3, 0xd4,
	0x0a, 0x7d, 0xca, 0xed, 0x2b, 0x7f, 0xd1, 0xf0, 0x73, 0x86, 0xe0, 0xfa,
	0xce, 0x89, 0xe5, 0xfa, 0xf1, 0x8f, 0xee, 0xfc, 0xf8, 0x96, 0xf6, 0xfe,
	0xed, 0x9a, 0xf5, 0xf9, 0xb5, 0x95, 0xe4, 0xeb, 0x55, 0x88, 0xc5, 0xd5,
	0x17, 0x75, 0xa3, 0xbd, 0x06, 0x6b, 0x90, 0xb0, 0x01, 0x6b, 0x8d, 0xad,
	0x00, 0x00, 0x00, 0x00, 0x00, 0x00, 0x00, 0x00, 0x00, 0x00, 0x00, 0x00,
	0x00, 0x00, 0x00, 0x00, 0x00, 0x00, 0x00, 0x00, 0x00, 0x00, 0x00, 0x00,
	0x00, 0x00, 0x00, 0x00, 0x00, 0x00, 0x00, 0x00, 0x00, 0x00, 0x00, 0x00,
	0x00, 0x00, 0x00, 0x00, 0x00, 0x00, 0x00, 0x00, 0x00, 0x00, 0x00, 0x00,
	0x00, 0x00, 0x00, 0x00, 0x00, 0x00, 0x00, 0x00, 0x00, 0x00, 0x00, 0x00,
	0x00, 0x00, 0x00, 0x00, 0x00, 0x00, 0x00, 0x00, 0x00, 0x00, 0x00, 0x00,
	0x00, 0x00, 0x00, 0x00, 0x00, 0x00, 0x00, 0x00, 0x00, 0x00, 0x00, 0x00,
	0x00, 0x00, 0x00, 0x00, 0x00, 0x00, 0x00, 0x00, 0x00, 0x00, 0x00, 0x00,
	0x00, 0x00, 0x00, 0x00, 0x00, 0x00, 0x00, 0x00, 0x00, 0x00, 0x00, 0x00,
	0x00, 0x00, 0x00, 0x00, 0x04, 0x52, 0x79, 0x84, 0x07, 0x52, 0x79, 0x84,
	0x01, 0x53, 0x78, 0x85, 0x00, 0x00, 0x00, 0x00, 0x00, 0x00, 0x00, 0x00,
	0x00, 0x00, 0x00, 0x00, 0x00, 0x00, 0x00, 0x00, 0x00, 0x00, 0x00, 0x00,
	0x00, 0x00, 0x00, 0x00, 0x00, 0x00, 0x00, 0x00, 0x00, 0x00, 0x00, 0x00,
	0x00, 0x00, 0x00, 0x00, 0x00, 0x00, 0x00, 0x00, 0x00, 0x00, 0x00, 0x00,
	0x00, 0x00, 0x00, 0x00, 0x00, 0x00, 0x00, 0x00, 0x00, 0x00, 0x00, 0x00,
	0x00, 0x00, 0x00, 0x00, 0x00, 0x00, 0x00, 0x00, 0x00, 0x00, 0x00, 0x00,
	0x00, 0x00, 0x00, 0x00, 0x00, 0x00, 0x00, 0x00, 0x00, 0x00, 0x00, 0x00,
	0x00, 0x00, 0x00, 0x00, 0x00, 0x00, 0x00, 0x00, 0x00, 0x00, 0x00, 0x00,
	0x00, 0x00, 0x00, 0x00, 0x00, 0x00, 0x00, 0x00, 0x00, 0x00, 0x00, 0x00,
	0x00, 0x00, 0x00, 0x00, 0x00, 0x00, 0x00, 0x00, 0x00, 0x00, 0x00, 0x00,
	0x00, 0x00, 0x00, 0x00, 0x00, 0x00, 0x00, 0x00, 0x00, 0x00, 0x00, 0x00,
	0x00, 0x00, 0x00, 0x00, 0x00, 0x00, 0x00, 0x00, 0x00, 0x00, 0x00, 0x00,
	0x00, 0x00, 0x00, 0x00, 0x00, 0x00, 0x00, 0x00, 0x00, 0x00, 0x00, 0x00,
	0x00, 0x00, 0x00, 0x00, 0x00, 0x00, 0x00, 0x00, 0x00, 0x00, 0x00, 0x00,
	0x00, 0x00, 0x00, 0x00, 0x00, 0x00, 0x00, 0x00, 0x00, 0x00, 0x00, 0x00,
	0x00, 0x00, 0x00, 0x00, 0x00, 0x00, 0x00, 0x00, 0x01, 0x82, 0xb2, 0xd3,
	0x02, 0x7d, 0xc8, 0xe8, 0x09, 0x82, 0xd7, 0xf5, 0x24, 0x82, 0xd8, 0xf5,
	0x6e, 0x82, 0xd8, 0xf3, 0xbc, 0x86, 0xde, 0xf6, 0xdb, 0x8e, 0xec, 0xfc,
	0xed, 0x93, 0xed, 0xf9, 0xc7, 0x91, 0xe2, 0xed, 0x62, 0x88, 0xcd, 0xde,
	0x1b, 0x77, 0xaa, 0xc4, 0x08, 0x6c, 0x91, 0xb1, 0x01, 0x6b, 0x8e, 0xae,
	0x00, 0x00, 0x00, 0x00, 0x00, 0x00, 0x00, 0x00, 0x00, 0x00, 0x00, 0x00,
	0x00, 0x00, 0x00, 0x00, 0x00, 0x00, 0x00, 0x00, 0x00, 0x00, 0x00, 0x00,
	0x00, 0x00, 0x00, 0x00, 0x00, 0x00, 0x00, 0x00, 0x00, 0x00, 0x00, 0x00,
	0x00, 0x00, 0x00, 0x00, 0x00, 0x00, 0x00, 0x00, 0x00, 0x00, 0x00, 0x00,
	0x00, 0x00, 0x00, 0x00, 0x00, 0x00, 0x00, 0x00, 0x00, 0x00, 0x00, 0x00,
	0x00, 0x00, 0x00, 0x00, 0x00, 0x00, 0x00, 0x00, 0x00, 0x00, 0x00, 0x00,
	0x00, 0x00, 0x00, 0x00, 0x00, 0x00, 0x00, 0x00, 0x00, 0x00, 0x00, 0x00,
	0x00, 0x00, 0x00, 0x00, 0x00, 0x00, 0x00, 0x00, 0x00, 0x00, 0x00, 0x00,
	0x00, 0x00, 0x00, 0x00, 0x00, 0x00, 0x00, 0x00, 0x00, 0x00, 0x00, 0x00,
	0x00, 0x00, 0x00, 0x00, 0x01, 0x52, 0x7c, 0x83, 0x02, 0x52, 0x7d, 0x83,
	0x01, 0x52, 0x7b, 0x84, 0x00, 0x00, 0x00, 0x00, 0x00, 0x00, 0x00, 0x00,
	0x00, 0x00, 0x00, 0x00, 0x00, 0x00, 0x00, 0x00, 0x00, 0x00, 0x00, 0x00,
	0x00, 0x00, 0x00, 0x00, 0x00, 0x00, 0x00, 0x00, 0x00, 0x00, 0x00, 0x00,
	0x00, 0x00, 0x00, 0x00, 0x00, 0x00, 0x00, 0x00, 0x00, 0x00, 0x00, 0x00,
	0x00, 0x00, 0x00, 0x00, 0x00, 0x00, 0x00, 0x00, 0x00, 0x00, 0x00, 0x00,
	0x00, 0x00, 0x00, 0x00, 0x00, 0x00, 0x00, 0x00, 0x00, 0x00, 0x00, 0x00,
	0x00, 0x00, 0x00, 0x00, 0x00, 0x00, 0x00, 0x00, 0x00, 0x00, 0x00, 0x00,
	0x00, 0x00, 0x00, 0x00, 0x00, 0x00, 0x00, 0x00, 0x00, 0x00, 0x00, 0x00,
	0x00, 0x00, 0x00, 0x00, 0x00, 0x00, 0x00, 0x00, 0x00, 0x00, 0x00, 0x00,
	0x00, 0x00, 0x00, 0x00, 0x00, 0x00, 0x00, 0x00, 0x00, 0x00, 0x00, 0x00,
	0x00, 0x00, 0x00, 0x00, 0x00, 0x00, 0x00, 0x00, 0x00, 0x00, 0x00, 0x00,
	0x00, 0x00, 0x00, 0x00, 0x00, 0x00, 0x00, 0x00, 0x00, 0x00, 0x00, 0x00,
	0x00, 0x00, 0x00, 0x00, 0x00, 0x00, 0x00, 0x00, 0x00, 0x00, 0x00, 0x00,
	0x00, 0x00, 0x00, 0x00, 0x00, 0x00, 0x00, 0x00, 0x00, 0x00, 0x00, 0x00,
	0x00, 0x00, 0x00, 0x00, 0x00, 0x00, 0x00, 0x00, 0x00, 0x00, 0x00, 0x00,
	0x00, 0x00, 0x00, 0x00, 0x00, 0x00, 0x00, 0x00, 0x00, 0x00, 0x00, 0x00,
	0x00, 0x00, 0x00, 0x00, 0x02, 0x80, 0xd6, 0xf3, 0x09, 0x7e, 0xd1, 0xef,
	0x20, 0x7f, 0xd0, 0xed, 0x4b, 0x82, 0xd7, 0xf2, 0x87, 0x89, 0xe1, 0xf8,
	0xcb, 0x8b, 0xe1, 0xf7, 0xc1, 0x8b, 0xdc, 0xf1, 0x5e, 0x87, 0xd3, 0xe8,
	0x14, 0x7c, 0xb8, 0xd1, 0x05, 0x6f, 0x97, 0xb6, 0x00, 0x00, 0x00, 0x00,
	0x00, 0x00, 0x00, 0x00, 0x00, 0x00, 0x00, 0x00, 0x00, 0x00, 0x00, 0x00,
	0x00, 0x00, 0x00, 0x00, 0x00, 0x00, 0x00, 0x00, 0x00, 0x00, 0x00, 0x00,
	0x00, 0x00, 0x00, 0x00, 0x00, 0x00, 0x00, 0x00, 0x00, 0x00, 0x00, 0x00,
	0x00, 0x00, 0x00, 0x00, 0x00, 0x00, 0x00, 0x00, 0x00, 0x00, 0x00, 0x00,
	0x00, 0x00, 0x00, 0x00, 0x00, 0x00, 0x00, 0x00, 0x00, 0x00, 0x00, 0x00,
	0x00, 0x00, 0x00, 0x00, 0x00, 0x00, 0x00, 0x00, 0x00, 0x00, 0x00, 0x00,
	0x00, 0x00, 0x00, 0x00, 0x00, 0x00, 0x00, 0x00, 0x00, 0x00, 0x00, 0x00,
	0x00, 0x00, 0x00, 0x00, 0x00, 0x00, 0x00, 0x00, 0x00, 0x00, 0x00, 0x00,
	0x00, 0x00, 0x00, 0x00, 0x00, 0x00, 0x00, 0x00, 0x00, 0x00, 0x00, 0x00,
	0x00, 0x00, 0x00, 0x00, 0x00, 0x00, 0x00, 0x00, 0x00, 0x00, 0x00, 0x00,
	0x00, 0x00, 0x00, 0x00, 0x00, 0x00, 0x00, 0x00, 0x00, 0x00, 0x00, 0x00,
	0x00, 0x00, 0x00, 0x00, 0x00, 0x00, 0x00, 0x00, 0x00, 0x00, 0x00, 0x00,
	0x00, 0x00, 0x00, 0x00, 0x00, 0x00, 0x00, 0x00, 0x00, 0x00, 0x00, 0x00,
	0x00, 0x00, 0x00, 0x00, 0x00, 0x00, 0x00, 0x00, 0x00, 0x00, 0x00, 0x00,
	0x00, 0x00, 0x00, 0x00, 0x00, 0x00, 0x00, 0x00, 0x00, 0x00, 0x00, 0x00,
	0x00, 0x00, 0x00, 0x00, 0x00, 0x00, 0x00, 0x00, 0x00, 0x00, 0x00, 0x00,
	0x00, 0x00, 0x00, 0x00, 0x00, 0x00, 0x00, 0x00, 0x00, 0x00, 0x00, 0x00,
	0x00, 0x00, 0x00, 0x00, 0x00, 0x00, 0x00, 0x00, 0x00, 0x00, 0x00, 0x00,
	0x00, 0x00, 0x00, 0x00, 0x00, 0x00, 0x00, 0x00, 0x00, 0x00, 0x00, 0x00,
	0x00, 0x00, 0x00, 0x00, 0x00, 0x00, 0x00, 0x00, 0x00, 0x00, 0x00, 0x00,
	0x00, 0x00, 0x00, 0x00, 0x00, 0x00, 0x00, 0x00, 0x00, 0x00, 0x00, 0x00,
	0x00, 0x00, 0x00, 0x00, 0x00, 0x00, 0x00, 0x00, 0x00, 0x00, 0x00, 0x00,
	0x00, 0x00, 0x00, 0x00, 0x00, 0x00, 0x00, 0x00, 0x00, 0x00, 0x00, 0x00,
	0x00, 0x00, 0x00, 0x00, 0x00, 0x00, 0x00, 0x00, 0x00, 0x00, 0x00, 0x00,
	0x00, 0x00, 0x00, 0x00, 0x00, 0x00, 0x00, 0x00, 0x00, 0x00, 0x00, 0x00,
	0x00, 0x00, 0x00, 0x00, 0x00, 0x00, 0x00, 0x00, 0x00, 0x00, 0x00, 0x00,
	0x00, 0x00, 0x00, 0x00, 0x00, 0x00, 0x00, 0x00, 0x02, 0x7d, 0xcd, 0xeb,
	0x06, 0x7e, 0xce, 0xec, 0x10, 0x83, 0xd6, 0xf1, 0x31, 0x86, 0xd8, 0xf3,
	0x77, 0x85, 0xd5, 0xf1, 0x9d, 0x83, 0xd1, 0xee, 0x53, 0x83, 0xcf, 0xeb,
	0x0d, 0x7f, 0xc4, 0xe0, 0x02, 0x75, 0xa9, 0xc7, 0x00, 0x00, 0x00, 0x00,
	0x00, 0x00, 0x00, 0x00, 0x00, 0x00, 0x00, 0x00, 0x00, 0x00, 0x00, 0x00,
	0x00, 0x00, 0x00, 0x00, 0x00, 0x00, 0x00, 0x00, 0x00, 0x00, 0x00, 0x00,
	0x00, 0x00, 0x00, 0x00, 0x00, 0x00, 0x00, 0x00, 0x00, 0x00, 0x00, 0x00,
	0x00, 0x00, 0x00, 0x00, 0x00, 0x00, 0x00, 0x00, 0x00, 0x00, 0x00, 0x00,
	0x00, 0x00, 0x00, 0x00, 0x00, 0x00, 0x00, 0x00, 0x00, 0x00, 0x00, 0x00,
	0x00, 0x00, 0x00, 0x00, 0x00, 0x00, 0x00, 0x00, 0x00, 0x00, 0x00, 0x00,
	0x00, 0x00, 0x00, 0x00, 0x00, 0x00, 0x00, 0x00, 0x00, 0x00, 0x00, 0x00,
	0x00, 0x00, 0x00, 0x00, 0x00, 0x00, 0x00, 0x00, 0x00, 0x00, 0x00, 0x00,
	0x00, 0x00, 0x00, 0x00, 0x00, 0x00, 0x00, 0x00, 0x00, 0x00, 0x00, 0x00
};

const int MainFace_array_length = 27000;
unsigned char *MainFace = (unsigned char *)MainFace_array;
